# floorplan3d
mtllib Screenshot 2026-10-06 153119_3d.mtl

o wall_W1_0
usemtl material_0
v 19.75000000 0.00000000 10.25000000
v 19.75000000 0.00000000 12.75000000
v 19.75000000 2.75000000 10.25000000
v 19.75000000 2.75000000 12.75000000
v 43.00000000 0.00000000 10.25000000
v 43.00000000 0.00000000 12.75000000
v 43.00000000 2.75000000 10.25000000
v 43.00000000 2.75000000 12.75000000
f 2 4 1
f 5 2 1
f 1 4 3
f 3 5 1
f 2 8 4
f 6 2 5
f 6 8 2
f 4 8 3
f 7 5 3
f 3 8 7
f 7 6 5
f 8 6 7

o wall_W2_1
usemtl material_0
v 43.00000000 0.00000000 10.25000000
v 43.00000000 0.00000000 12.75000000
v 43.00000000 2.75000000 10.25000000
v 43.00000000 2.75000000 12.75000000
v 56.50000000 0.00000000 10.25000000
v 56.50000000 0.00000000 12.75000000
v 56.50000000 2.75000000 10.25000000
v 56.50000000 2.75000000 12.75000000
f 10 12 9
f 13 10 9
f 9 12 11
f 11 13 9
f 10 16 12
f 14 10 13
f 14 16 10
f 12 16 11
f 15 13 11
f 11 16 15
f 15 14 13
f 16 14 15

o wall_W2_2
usemtl material_0
v 56.50000000 0.00000000 10.25000000
v 56.50000000 0.00000000 12.75000000
v 56.50000000 0.90000000 10.25000000
v 56.50000000 0.90000000 12.75000000
v 69.00000000 0.00000000 10.25000000
v 69.00000000 0.00000000 12.75000000
v 69.00000000 0.90000000 10.25000000
v 69.00000000 0.90000000 12.75000000
f 18 20 17
f 21 18 17
f 17 20 19
f 19 21 17
f 18 24 20
f 22 18 21
f 22 24 18
f 20 24 19
f 23 21 19
f 19 24 23
f 23 22 21
f 24 22 23

o wall_W2_3
usemtl material_0
v 56.50000000 2.10000000 10.25000000
v 56.50000000 2.10000000 12.75000000
v 56.50000000 2.75000000 10.25000000
v 56.50000000 2.75000000 12.75000000
v 69.00000000 2.10000000 10.25000000
v 69.00000000 2.10000000 12.75000000
v 69.00000000 2.75000000 10.25000000
v 69.00000000 2.75000000 12.75000000
f 26 28 25
f 29 26 25
f 25 28 27
f 27 29 25
f 26 32 28
f 30 26 29
f 30 32 26
f 28 32 27
f 31 29 27
f 27 32 31
f 31 30 29
f 32 30 31

o wall_W2_4
usemtl material_0
v 69.00000000 0.00000000 10.25000000
v 69.00000000 0.00000000 12.75000000
v 69.00000000 2.75000000 10.25000000
v 69.00000000 2.75000000 12.75000000
v 76.00000000 0.00000000 10.25000000
v 76.00000000 0.00000000 12.75000000
v 76.00000000 2.75000000 10.25000000
v 76.00000000 2.75000000 12.75000000
f 34 36 33
f 37 34 33
f 33 36 35
f 35 37 33
f 34 40 36
f 38 34 37
f 38 40 34
f 36 40 35
f 39 37 35
f 35 40 39
f 39 38 37
f 40 38 39

o wall_W3_5
usemtl material_0
v 76.00000000 0.00000000 10.25000000
v 76.00000000 0.00000000 12.75000000
v 76.00000000 2.75000000 10.25000000
v 76.00000000 2.75000000 12.75000000
v 84.00000000 0.00000000 10.25000000
v 84.00000000 0.00000000 12.75000000
v 84.00000000 2.75000000 10.25000000
v 84.00000000 2.75000000 12.75000000
f 42 44 41
f 45 42 41
f 41 44 43
f 43 45 41
f 42 48 44
f 46 42 45
f 46 48 42
f 44 48 43
f 47 45 43
f 43 48 47
f 47 46 45
f 48 46 47

o wall_W3_6
usemtl material_0
v 84.00000000 0.00000000 10.25000000
v 84.00000000 0.00000000 12.75000000
v 84.00000000 0.90000000 10.25000000
v 84.00000000 0.90000000 12.75000000
v 90.00000000 0.00000000 10.25000000
v 90.00000000 0.00000000 12.75000000
v 90.00000000 0.90000000 10.25000000
v 90.00000000 0.90000000 12.75000000
f 50 52 49
f 53 50 49
f 49 52 51
f 51 53 49
f 50 56 52
f 54 50 53
f 54 56 50
f 52 56 51
f 55 53 51
f 51 56 55
f 55 54 53
f 56 54 55

o wall_W3_7
usemtl material_0
v 84.00000000 2.10000000 10.25000000
v 84.00000000 2.10000000 12.75000000
v 84.00000000 2.75000000 10.25000000
v 84.00000000 2.75000000 12.75000000
v 90.00000000 2.10000000 10.25000000
v 90.00000000 2.10000000 12.75000000
v 90.00000000 2.75000000 10.25000000
v 90.00000000 2.75000000 12.75000000
f 58 60 57
f 61 58 57
f 57 60 59
f 59 61 57
f 58 64 60
f 62 58 61
f 62 64 58
f 60 64 59
f 63 61 59
f 59 64 63
f 63 62 61
f 64 62 63

o wall_W3_8
usemtl material_0
v 90.00000000 0.00000000 10.25000000
v 90.00000000 0.00000000 12.75000000
v 90.00000000 2.75000000 10.25000000
v 90.00000000 2.75000000 12.75000000
v 90.50000000 0.00000000 10.25000000
v 90.50000000 0.00000000 12.75000000
v 90.50000000 2.75000000 10.25000000
v 90.50000000 2.75000000 12.75000000
f 66 68 65
f 69 66 65
f 65 68 67
f 67 69 65
f 66 72 68
f 70 66 69
f 70 72 66
f 68 72 67
f 71 69 67
f 67 72 71
f 71 70 69
f 72 70 71

o wall_W3_9
usemtl material_0
v 90.50000000 0.00000000 10.25000000
v 90.50000000 0.00000000 12.75000000
v 90.50000000 0.90000000 10.25000000
v 90.50000000 0.90000000 12.75000000
v 109.50000000 0.00000000 10.25000000
v 109.50000000 0.00000000 12.75000000
v 109.50000000 0.90000000 10.25000000
v 109.50000000 0.90000000 12.75000000
f 74 76 73
f 77 74 73
f 73 76 75
f 75 77 73
f 74 80 76
f 78 74 77
f 78 80 74
f 76 80 75
f 79 77 75
f 75 80 79
f 79 78 77
f 80 78 79

o wall_W3_10
usemtl material_0
v 90.50000000 2.10000000 10.25000000
v 90.50000000 2.10000000 12.75000000
v 90.50000000 2.75000000 10.25000000
v 90.50000000 2.75000000 12.75000000
v 109.50000000 2.10000000 10.25000000
v 109.50000000 2.10000000 12.75000000
v 109.50000000 2.75000000 10.25000000
v 109.50000000 2.75000000 12.75000000
f 82 84 81
f 85 82 81
f 81 84 83
f 83 85 81
f 82 88 84
f 86 82 85
f 86 88 82
f 84 88 83
f 87 85 83
f 83 88 87
f 87 86 85
f 88 86 87

o wall_W3_11
usemtl material_0
v 109.50000000 0.00000000 10.25000000
v 109.50000000 0.00000000 12.75000000
v 109.50000000 2.75000000 10.25000000
v 109.50000000 2.75000000 12.75000000
v 116.00000000 0.00000000 10.25000000
v 116.00000000 0.00000000 12.75000000
v 116.00000000 2.75000000 10.25000000
v 116.00000000 2.75000000 12.75000000
f 90 92 89
f 93 90 89
f 89 92 91
f 91 93 89
f 90 96 92
f 94 90 93
f 94 96 90
f 92 96 91
f 95 93 91
f 91 96 95
f 95 94 93
f 96 94 95

o wall_W4_12
usemtl material_0
v 116.00000000 0.00000000 10.25000000
v 116.00000000 0.00000000 12.75000000
v 116.00000000 2.75000000 10.25000000
v 116.00000000 2.75000000 12.75000000
v 135.00000000 0.00000000 10.25000000
v 135.00000000 0.00000000 12.75000000
v 135.00000000 2.75000000 10.25000000
v 135.00000000 2.75000000 12.75000000
f 98 100 97
f 101 98 97
f 97 100 99
f 99 101 97
f 98 104 100
f 102 98 101
f 102 104 98
f 100 104 99
f 103 101 99
f 99 104 103
f 103 102 101
f 104 102 103

o wall_W4_13
usemtl material_0
v 135.00000000 0.00000000 10.25000000
v 135.00000000 0.00000000 12.75000000
v 135.00000000 0.90000000 10.25000000
v 135.00000000 0.90000000 12.75000000
v 159.50000000 0.00000000 10.25000000
v 159.50000000 0.00000000 12.75000000
v 159.50000000 0.90000000 10.25000000
v 159.50000000 0.90000000 12.75000000
f 106 108 105
f 109 106 105
f 105 108 107
f 107 109 105
f 106 112 108
f 110 106 109
f 110 112 106
f 108 112 107
f 111 109 107
f 107 112 111
f 111 110 109
f 112 110 111

o wall_W4_14
usemtl material_0
v 135.00000000 2.10000000 10.25000000
v 135.00000000 2.10000000 12.75000000
v 135.00000000 2.75000000 10.25000000
v 135.00000000 2.75000000 12.75000000
v 159.50000000 2.10000000 10.25000000
v 159.50000000 2.10000000 12.75000000
v 159.50000000 2.75000000 10.25000000
v 159.50000000 2.75000000 12.75000000
f 114 116 113
f 117 114 113
f 113 116 115
f 115 117 113
f 114 120 116
f 118 114 117
f 118 120 114
f 116 120 115
f 119 117 115
f 115 120 119
f 119 118 117
f 120 118 119

o wall_W4_15
usemtl material_0
v 159.50000000 0.00000000 10.25000000
v 159.50000000 0.00000000 12.75000000
v 159.50000000 2.75000000 10.25000000
v 159.50000000 2.75000000 12.75000000
v 163.00000000 0.00000000 10.25000000
v 163.00000000 0.00000000 12.75000000
v 163.00000000 2.75000000 10.25000000
v 163.00000000 2.75000000 12.75000000
f 122 124 121
f 125 122 121
f 121 124 123
f 123 125 121
f 122 128 124
f 126 122 125
f 126 128 122
f 124 128 123
f 127 125 123
f 123 128 127
f 127 126 125
f 128 126 127

o wall_W4_16
usemtl material_0
v 163.00000000 0.00000000 10.25000000
v 163.00000000 0.00000000 12.75000000
v 163.00000000 0.90000000 10.25000000
v 163.00000000 0.90000000 12.75000000
v 187.50000000 0.00000000 10.25000000
v 187.50000000 0.00000000 12.75000000
v 187.50000000 0.90000000 10.25000000
v 187.50000000 0.90000000 12.75000000
f 130 132 129
f 133 130 129
f 129 132 131
f 131 133 129
f 130 136 132
f 134 130 133
f 134 136 130
f 132 136 131
f 135 133 131
f 131 136 135
f 135 134 133
f 136 134 135

o wall_W4_17
usemtl material_0
v 163.00000000 2.10000000 10.25000000
v 163.00000000 2.10000000 12.75000000
v 163.00000000 2.75000000 10.25000000
v 163.00000000 2.75000000 12.75000000
v 187.50000000 2.10000000 10.25000000
v 187.50000000 2.10000000 12.75000000
v 187.50000000 2.75000000 10.25000000
v 187.50000000 2.75000000 12.75000000
f 138 140 137
f 141 138 137
f 137 140 139
f 139 141 137
f 138 144 140
f 142 138 141
f 142 144 138
f 140 144 139
f 143 141 139
f 139 144 143
f 143 142 141
f 144 142 143

o wall_W4_18
usemtl material_0
v 187.50000000 0.00000000 10.25000000
v 187.50000000 0.00000000 12.75000000
v 187.50000000 2.75000000 10.25000000
v 187.50000000 2.75000000 12.75000000
v 192.00000000 0.00000000 10.25000000
v 192.00000000 0.00000000 12.75000000
v 192.00000000 2.75000000 10.25000000
v 192.00000000 2.75000000 12.75000000
f 146 148 145
f 149 146 145
f 145 148 147
f 147 149 145
f 146 152 148
f 150 146 149
f 150 152 146
f 148 152 147
f 151 149 147
f 147 152 151
f 151 150 149
f 152 150 151

o wall_W4_19
usemtl material_0
v 192.00000000 2.10000000 10.25000000
v 192.00000000 2.10000000 12.75000000
v 192.00000000 2.75000000 10.25000000
v 192.00000000 2.75000000 12.75000000
v 207.00000000 2.10000000 10.25000000
v 207.00000000 2.10000000 12.75000000
v 207.00000000 2.75000000 10.25000000
v 207.00000000 2.75000000 12.75000000
f 154 156 153
f 157 154 153
f 153 156 155
f 155 157 153
f 154 160 156
f 158 154 157
f 158 160 154
f 156 160 155
f 159 157 155
f 155 160 159
f 159 158 157
f 160 158 159

o wall_W5_20
usemtl material_0
v 207.00000000 0.00000000 10.25000000
v 207.00000000 0.00000000 12.75000000
v 207.00000000 2.75000000 10.25000000
v 207.00000000 2.75000000 12.75000000
v 224.00000000 0.00000000 10.25000000
v 224.00000000 0.00000000 12.75000000
v 224.00000000 2.75000000 10.25000000
v 224.00000000 2.75000000 12.75000000
f 162 164 161
f 165 162 161
f 161 164 163
f 163 165 161
f 162 168 164
f 166 162 165
f 166 168 162
f 164 168 163
f 167 165 163
f 163 168 167
f 167 166 165
f 168 166 167

o wall_W6_21
usemtl material_0
v 224.00000000 0.00000000 10.25000000
v 224.00000000 0.00000000 12.75000000
v 224.00000000 2.75000000 10.25000000
v 224.00000000 2.75000000 12.75000000
v 252.00000000 0.00000000 10.25000000
v 252.00000000 0.00000000 12.75000000
v 252.00000000 2.75000000 10.25000000
v 252.00000000 2.75000000 12.75000000
f 170 172 169
f 173 170 169
f 169 172 171
f 171 173 169
f 170 176 172
f 174 170 173
f 174 176 170
f 172 176 171
f 175 173 171
f 171 176 175
f 175 174 173
f 176 174 175

o wall_W6_22
usemtl material_0
v 252.00000000 0.00000000 10.25000000
v 252.00000000 0.00000000 12.75000000
v 252.00000000 0.90000000 10.25000000
v 252.00000000 0.90000000 12.75000000
v 262.50000000 0.00000000 10.25000000
v 262.50000000 0.00000000 12.75000000
v 262.50000000 0.90000000 10.25000000
v 262.50000000 0.90000000 12.75000000
f 178 180 177
f 181 178 177
f 177 180 179
f 179 181 177
f 178 184 180
f 182 178 181
f 182 184 178
f 180 184 179
f 183 181 179
f 179 184 183
f 183 182 181
f 184 182 183

o wall_W6_23
usemtl material_0
v 252.00000000 2.10000000 10.25000000
v 252.00000000 2.10000000 12.75000000
v 252.00000000 2.75000000 10.25000000
v 252.00000000 2.75000000 12.75000000
v 262.50000000 2.10000000 10.25000000
v 262.50000000 2.10000000 12.75000000
v 262.50000000 2.75000000 10.25000000
v 262.50000000 2.75000000 12.75000000
f 186 188 185
f 189 186 185
f 185 188 187
f 187 189 185
f 186 192 188
f 190 186 189
f 190 192 186
f 188 192 187
f 191 189 187
f 187 192 191
f 191 190 189
f 192 190 191

o wall_W6_24
usemtl material_0
v 262.50000000 2.10000000 10.25000000
v 262.50000000 2.10000000 12.75000000
v 262.50000000 2.75000000 10.25000000
v 262.50000000 2.75000000 12.75000000
v 264.50000000 2.10000000 10.25000000
v 264.50000000 2.10000000 12.75000000
v 264.50000000 2.75000000 10.25000000
v 264.50000000 2.75000000 12.75000000
f 194 196 193
f 197 194 193
f 193 196 195
f 195 197 193
f 194 200 196
f 198 194 197
f 198 200 194
f 196 200 195
f 199 197 195
f 195 200 199
f 199 198 197
f 200 198 199

o wall_W6_25
usemtl material_0
v 264.50000000 0.00000000 10.25000000
v 264.50000000 0.00000000 12.75000000
v 264.50000000 0.90000000 10.25000000
v 264.50000000 0.90000000 12.75000000
v 283.00000000 0.00000000 10.25000000
v 283.00000000 0.00000000 12.75000000
v 283.00000000 0.90000000 10.25000000
v 283.00000000 0.90000000 12.75000000
f 202 204 201
f 205 202 201
f 201 204 203
f 203 205 201
f 202 208 204
f 206 202 205
f 206 208 202
f 204 208 203
f 207 205 203
f 203 208 207
f 207 206 205
f 208 206 207

o wall_W6_26
usemtl material_0
v 264.50000000 2.10000000 10.25000000
v 264.50000000 2.10000000 12.75000000
v 264.50000000 2.75000000 10.25000000
v 264.50000000 2.75000000 12.75000000
v 283.00000000 2.10000000 10.25000000
v 283.00000000 2.10000000 12.75000000
v 283.00000000 2.75000000 10.25000000
v 283.00000000 2.75000000 12.75000000
f 210 212 209
f 213 210 209
f 209 212 211
f 211 213 209
f 210 216 212
f 214 210 213
f 214 216 210
f 212 216 211
f 215 213 211
f 211 216 215
f 215 214 213
f 216 214 215

o wall_W6_27
usemtl material_0
v 283.00000000 0.00000000 10.25000000
v 283.00000000 0.00000000 12.75000000
v 283.00000000 2.75000000 10.25000000
v 283.00000000 2.75000000 12.75000000
v 301.50000000 0.00000000 10.25000000
v 301.50000000 0.00000000 12.75000000
v 301.50000000 2.75000000 10.25000000
v 301.50000000 2.75000000 12.75000000
f 218 220 217
f 221 218 217
f 217 220 219
f 219 221 217
f 218 224 220
f 222 218 221
f 222 224 218
f 220 224 219
f 223 221 219
f 219 224 223
f 223 222 221
f 224 222 223

o wall_W7_28
usemtl material_1
v 19.75000000 0.00000000 49.50000000
v 19.75000000 0.00000000 52.00000000
v 19.75000000 2.75000000 49.50000000
v 19.75000000 2.75000000 52.00000000
v 23.00000000 0.00000000 49.50000000
v 23.00000000 0.00000000 52.00000000
v 23.00000000 2.75000000 49.50000000
v 23.00000000 2.75000000 52.00000000
f 226 228 225
f 229 226 225
f 225 228 227
f 227 229 225
f 226 232 228
f 230 226 229
f 230 232 226
f 228 232 227
f 231 229 227
f 227 232 231
f 231 230 229
f 232 230 231

o wall_W7_29
usemtl material_1
v 23.00000000 2.10000000 49.50000000
v 23.00000000 2.10000000 52.00000000
v 23.00000000 2.75000000 49.50000000
v 23.00000000 2.75000000 52.00000000
v 34.50000000 2.10000000 49.50000000
v 34.50000000 2.10000000 52.00000000
v 34.50000000 2.75000000 49.50000000
v 34.50000000 2.75000000 52.00000000
f 234 236 233
f 237 234 233
f 233 236 235
f 235 237 233
f 234 240 236
f 238 234 237
f 238 240 234
f 236 240 235
f 239 237 235
f 235 240 239
f 239 238 237
f 240 238 239

o wall_W7_30
usemtl material_1
v 34.50000000 0.00000000 49.50000000
v 34.50000000 0.00000000 52.00000000
v 34.50000000 2.75000000 49.50000000
v 34.50000000 2.75000000 52.00000000
v 35.50000000 0.00000000 49.50000000
v 35.50000000 0.00000000 52.00000000
v 35.50000000 2.75000000 49.50000000
v 35.50000000 2.75000000 52.00000000
f 242 244 241
f 245 242 241
f 241 244 243
f 243 245 241
f 242 248 244
f 246 242 245
f 246 248 242
f 244 248 243
f 247 245 243
f 243 248 247
f 247 246 245
f 248 246 247

o wall_W7_31
usemtl material_1
v 35.50000000 2.10000000 49.50000000
v 35.50000000 2.10000000 52.00000000
v 35.50000000 2.75000000 49.50000000
v 35.50000000 2.75000000 52.00000000
v 40.50000000 2.10000000 49.50000000
v 40.50000000 2.10000000 52.00000000
v 40.50000000 2.75000000 49.50000000
v 40.50000000 2.75000000 52.00000000
f 250 252 249
f 253 250 249
f 249 252 251
f 251 253 249
f 250 256 252
f 254 250 253
f 254 256 250
f 252 256 251
f 255 253 251
f 251 256 255
f 255 254 253
f 256 254 255

o wall_W7_32
usemtl material_1
v 40.50000000 0.00000000 49.50000000
v 40.50000000 0.00000000 52.00000000
v 40.50000000 2.75000000 49.50000000
v 40.50000000 2.75000000 52.00000000
v 43.00000000 0.00000000 49.50000000
v 43.00000000 0.00000000 52.00000000
v 43.00000000 2.75000000 49.50000000
v 43.00000000 2.75000000 52.00000000
f 258 260 257
f 261 258 257
f 257 260 259
f 259 261 257
f 258 264 260
f 262 258 261
f 262 264 258
f 260 264 259
f 263 261 259
f 259 264 263
f 263 262 261
f 264 262 263

o wall_W8_33
usemtl material_1
v 43.00000000 0.00000000 49.50000000
v 43.00000000 0.00000000 52.00000000
v 43.00000000 2.75000000 49.50000000
v 43.00000000 2.75000000 52.00000000
v 69.00000000 0.00000000 49.50000000
v 69.00000000 0.00000000 52.00000000
v 69.00000000 2.75000000 49.50000000
v 69.00000000 2.75000000 52.00000000
f 266 268 265
f 269 266 265
f 265 268 267
f 267 269 265
f 266 272 268
f 270 266 269
f 270 272 266
f 268 272 267
f 271 269 267
f 267 272 271
f 271 270 269
f 272 270 271

o wall_W9_34
usemtl material_1
v 76.00000000 0.00000000 62.00000000
v 76.00000000 0.00000000 65.00000000
v 76.00000000 2.75000000 62.00000000
v 76.00000000 2.75000000 65.00000000
v 89.50000000 0.00000000 62.00000000
v 89.50000000 0.00000000 65.00000000
v 89.50000000 2.75000000 62.00000000
v 89.50000000 2.75000000 65.00000000
f 274 276 273
f 277 274 273
f 273 276 275
f 275 277 273
f 274 280 276
f 278 274 277
f 278 280 274
f 276 280 275
f 279 277 275
f 275 280 279
f 279 278 277
f 280 278 279

o wall_W9_35
usemtl material_1
v 89.50000000 2.10000000 62.00000000
v 89.50000000 2.10000000 65.00000000
v 89.50000000 2.75000000 62.00000000
v 89.50000000 2.75000000 65.00000000
v 103.00000000 2.10000000 62.00000000
v 103.00000000 2.10000000 65.00000000
v 103.00000000 2.75000000 62.00000000
v 103.00000000 2.75000000 65.00000000
f 282 284 281
f 285 282 281
f 281 284 283
f 283 285 281
f 282 288 284
f 286 282 285
f 286 288 282
f 284 288 283
f 287 285 283
f 283 288 287
f 287 286 285
f 288 286 287

o wall_W9_36
usemtl material_1
v 103.00000000 0.00000000 62.00000000
v 103.00000000 0.00000000 65.00000000
v 103.00000000 2.75000000 62.00000000
v 103.00000000 2.75000000 65.00000000
v 116.00000000 0.00000000 62.00000000
v 116.00000000 0.00000000 65.00000000
v 116.00000000 2.75000000 62.00000000
v 116.00000000 2.75000000 65.00000000
f 290 292 289
f 293 290 289
f 289 292 291
f 291 293 289
f 290 296 292
f 294 290 293
f 294 296 290
f 292 296 291
f 295 293 291
f 291 296 295
f 295 294 293
f 296 294 295

o wall_W10_37
usemtl material_1
v 224.00000000 0.00000000 77.50000000
v 224.00000000 0.00000000 80.00000000
v 224.00000000 2.75000000 77.50000000
v 224.00000000 2.75000000 80.00000000
v 236.25000000 0.00000000 77.50000000
v 236.25000000 0.00000000 80.00000000
v 236.25000000 2.75000000 77.50000000
v 236.25000000 2.75000000 80.00000000
f 298 300 297
f 301 298 297
f 297 300 299
f 299 301 297
f 298 304 300
f 302 298 301
f 302 304 298
f 300 304 299
f 303 301 299
f 299 304 303
f 303 302 301
f 304 302 303

o wall_W11_38
usemtl material_1
v 236.25000000 0.00000000 77.50000000
v 236.25000000 0.00000000 80.00000000
v 236.25000000 2.75000000 77.50000000
v 236.25000000 2.75000000 80.00000000
v 236.50000000 0.00000000 77.50000000
v 236.50000000 0.00000000 80.00000000
v 236.50000000 2.75000000 77.50000000
v 236.50000000 2.75000000 80.00000000
f 306 308 305
f 309 306 305
f 305 308 307
f 307 309 305
f 306 312 308
f 310 306 309
f 310 312 306
f 308 312 307
f 311 309 307
f 307 312 311
f 311 310 309
f 312 310 311

o wall_W11_39
usemtl material_1
v 236.50000000 2.10000000 77.50000000
v 236.50000000 2.10000000 80.00000000
v 236.50000000 2.75000000 77.50000000
v 236.50000000 2.75000000 80.00000000
v 251.00000000 2.10000000 77.50000000
v 251.00000000 2.10000000 80.00000000
v 251.00000000 2.75000000 77.50000000
v 251.00000000 2.75000000 80.00000000
f 314 316 313
f 317 314 313
f 313 316 315
f 315 317 313
f 314 320 316
f 318 314 317
f 318 320 314
f 316 320 315
f 319 317 315
f 315 320 319
f 319 318 317
f 320 318 319

o wall_W11_40
usemtl material_1
v 237.50000000 0.00000000 77.50000000
v 237.50000000 0.00000000 80.00000000
v 237.50000000 0.90000000 77.50000000
v 237.50000000 0.90000000 80.00000000
v 245.00000000 0.00000000 77.50000000
v 245.00000000 0.00000000 80.00000000
v 245.00000000 0.90000000 77.50000000
v 245.00000000 0.90000000 80.00000000
f 322 324 321
f 325 322 321
f 321 324 323
f 323 325 321
f 322 328 324
f 326 322 325
f 326 328 322
f 324 328 323
f 327 325 323
f 323 328 327
f 327 326 325
f 328 326 327

o wall_W11_41
usemtl material_1
v 237.50000000 2.10000000 77.50000000
v 237.50000000 2.10000000 80.00000000
v 237.50000000 2.75000000 77.50000000
v 237.50000000 2.75000000 80.00000000
v 245.00000000 2.10000000 77.50000000
v 245.00000000 2.10000000 80.00000000
v 245.00000000 2.75000000 77.50000000
v 245.00000000 2.75000000 80.00000000
f 330 332 329
f 333 330 329
f 329 332 331
f 331 333 329
f 330 336 332
f 334 330 333
f 334 336 330
f 332 336 331
f 335 333 331
f 331 336 335
f 335 334 333
f 336 334 335

o wall_W11_42
usemtl material_1
v 251.00000000 0.00000000 77.50000000
v 251.00000000 0.00000000 80.00000000
v 251.00000000 2.75000000 77.50000000
v 251.00000000 2.75000000 80.00000000
v 252.50000000 0.00000000 77.50000000
v 252.50000000 0.00000000 80.00000000
v 252.50000000 2.75000000 77.50000000
v 252.50000000 2.75000000 80.00000000
f 338 340 337
f 341 338 337
f 337 340 339
f 339 341 337
f 338 344 340
f 342 338 341
f 342 344 338
f 340 344 339
f 343 341 339
f 339 344 343
f 343 342 341
f 344 342 343

o wall_W12_43
usemtl material_1
v 252.50000000 0.00000000 77.50000000
v 252.50000000 0.00000000 80.00000000
v 252.50000000 2.75000000 77.50000000
v 252.50000000 2.75000000 80.00000000
v 274.25000000 0.00000000 77.50000000
v 274.25000000 0.00000000 80.00000000
v 274.25000000 2.75000000 77.50000000
v 274.25000000 2.75000000 80.00000000
f 346 348 345
f 349 346 345
f 345 348 347
f 347 349 345
f 346 352 348
f 350 346 349
f 350 352 346
f 348 352 347
f 351 349 347
f 347 352 351
f 351 350 349
f 352 350 351

o wall_W13_44
usemtl material_1
v 274.25000000 0.00000000 77.50000000
v 274.25000000 0.00000000 80.00000000
v 274.25000000 2.75000000 77.50000000
v 274.25000000 2.75000000 80.00000000
v 277.50000000 0.00000000 77.50000000
v 277.50000000 0.00000000 80.00000000
v 277.50000000 2.75000000 77.50000000
v 277.50000000 2.75000000 80.00000000
f 354 356 353
f 357 354 353
f 353 356 355
f 355 357 353
f 354 360 356
f 358 354 357
f 358 360 354
f 356 360 355
f 359 357 355
f 355 360 359
f 359 358 357
f 360 358 359

o wall_W14_45
usemtl material_1
v 277.50000000 0.00000000 77.50000000
v 277.50000000 0.00000000 80.00000000
v 277.50000000 2.75000000 77.50000000
v 277.50000000 2.75000000 80.00000000
v 301.50000000 0.00000000 77.50000000
v 301.50000000 0.00000000 80.00000000
v 301.50000000 2.75000000 77.50000000
v 301.50000000 2.75000000 80.00000000
f 362 364 361
f 365 362 361
f 361 364 363
f 363 365 361
f 362 368 364
f 366 362 365
f 366 368 362
f 364 368 363
f 367 365 363
f 363 368 367
f 367 366 365
f 368 366 367

o wall_W15_46
usemtl material_1
v 116.00000000 0.00000000 78.25000000
v 116.00000000 0.00000000 80.75000000
v 116.00000000 2.75000000 78.25000000
v 116.00000000 2.75000000 80.75000000
v 198.00000000 0.00000000 78.25000000
v 198.00000000 0.00000000 80.75000000
v 198.00000000 2.75000000 78.25000000
v 198.00000000 2.75000000 80.75000000
f 370 372 369
f 373 370 369
f 369 372 371
f 371 373 369
f 370 376 372
f 374 370 373
f 374 376 370
f 372 376 371
f 375 373 371
f 371 376 375
f 375 374 373
f 376 374 375

o wall_W16_47
usemtl material_1
v 19.75000000 0.00000000 105.75000000
v 19.75000000 0.00000000 106.25000000
v 19.75000000 2.75000000 105.75000000
v 19.75000000 2.75000000 106.25000000
v 21.50000000 0.00000000 105.75000000
v 21.50000000 0.00000000 106.25000000
v 21.50000000 2.75000000 105.75000000
v 21.50000000 2.75000000 106.25000000
f 378 380 377
f 381 378 377
f 377 380 379
f 379 381 377
f 378 384 380
f 382 378 381
f 382 384 378
f 380 384 379
f 383 381 379
f 379 384 383
f 383 382 381
f 384 382 383

o wall_W16_48
usemtl material_1
v 21.50000000 0.00000000 105.75000000
v 21.50000000 0.00000000 106.25000000
v 21.50000000 0.90000000 105.75000000
v 21.50000000 0.90000000 106.25000000
v 31.00000000 0.00000000 105.75000000
v 31.00000000 0.00000000 106.25000000
v 31.00000000 0.90000000 105.75000000
v 31.00000000 0.90000000 106.25000000
f 386 388 385
f 389 386 385
f 385 388 387
f 387 389 385
f 386 392 388
f 390 386 389
f 390 392 386
f 388 392 387
f 391 389 387
f 387 392 391
f 391 390 389
f 392 390 391

o wall_W16_49
usemtl material_1
v 21.50000000 2.10000000 105.75000000
v 21.50000000 2.10000000 106.25000000
v 21.50000000 2.75000000 105.75000000
v 21.50000000 2.75000000 106.25000000
v 31.00000000 2.10000000 105.75000000
v 31.00000000 2.10000000 106.25000000
v 31.00000000 2.75000000 105.75000000
v 31.00000000 2.75000000 106.25000000
f 394 396 393
f 397 394 393
f 393 396 395
f 395 397 393
f 394 400 396
f 398 394 397
f 398 400 394
f 396 400 395
f 399 397 395
f 395 400 399
f 399 398 397
f 400 398 399

o wall_W17_50
usemtl material_1
v 186.50000000 0.00000000 106.25000000
v 186.50000000 0.00000000 107.25000000
v 186.50000000 0.90000000 106.25000000
v 186.50000000 0.90000000 107.25000000
v 190.50000000 0.00000000 106.25000000
v 190.50000000 0.00000000 107.25000000
v 190.50000000 0.90000000 106.25000000
v 190.50000000 0.90000000 107.25000000
f 402 404 401
f 405 402 401
f 401 404 403
f 403 405 401
f 402 408 404
f 406 402 405
f 406 408 402
f 404 408 403
f 407 405 403
f 403 408 407
f 407 406 405
f 408 406 407

o wall_W17_51
usemtl material_1
v 186.50000000 2.10000000 106.25000000
v 186.50000000 2.10000000 107.25000000
v 186.50000000 2.75000000 106.25000000
v 186.50000000 2.75000000 107.25000000
v 190.50000000 2.10000000 106.25000000
v 190.50000000 2.10000000 107.25000000
v 190.50000000 2.75000000 106.25000000
v 190.50000000 2.75000000 107.25000000
f 410 412 409
f 413 410 409
f 409 412 411
f 411 413 409
f 410 416 412
f 414 410 413
f 414 416 410
f 412 416 411
f 415 413 411
f 411 416 415
f 415 414 413
f 416 414 415

o wall_W18_52
usemtl material_1
v 19.75000000 0.00000000 106.00000000
v 19.75000000 0.00000000 108.50000000
v 19.75000000 2.75000000 106.00000000
v 19.75000000 2.75000000 108.50000000
v 25.00000000 0.00000000 106.00000000
v 25.00000000 0.00000000 108.50000000
v 25.00000000 2.75000000 106.00000000
v 25.00000000 2.75000000 108.50000000
f 418 420 417
f 421 418 417
f 417 420 419
f 419 421 417
f 418 424 420
f 422 418 421
f 422 424 418
f 420 424 419
f 423 421 419
f 419 424 423
f 423 422 421
f 424 422 423

o wall_W18_53
usemtl material_1
v 25.00000000 0.00000000 106.00000000
v 25.00000000 0.00000000 108.50000000
v 25.00000000 0.90000000 106.00000000
v 25.00000000 0.90000000 108.50000000
v 34.50000000 0.00000000 106.00000000
v 34.50000000 0.00000000 108.50000000
v 34.50000000 0.90000000 106.00000000
v 34.50000000 0.90000000 108.50000000
f 426 428 425
f 429 426 425
f 425 428 427
f 427 429 425
f 426 432 428
f 430 426 429
f 430 432 426
f 428 432 427
f 431 429 427
f 427 432 431
f 431 430 429
f 432 430 431

o wall_W18_54
usemtl material_1
v 25.00000000 2.10000000 106.00000000
v 25.00000000 2.10000000 108.50000000
v 25.00000000 2.75000000 106.00000000
v 25.00000000 2.75000000 108.50000000
v 34.50000000 2.10000000 106.00000000
v 34.50000000 2.10000000 108.50000000
v 34.50000000 2.75000000 106.00000000
v 34.50000000 2.75000000 108.50000000
f 434 436 433
f 437 434 433
f 433 436 435
f 435 437 433
f 434 440 436
f 438 434 437
f 438 440 434
f 436 440 435
f 439 437 435
f 435 440 439
f 439 438 437
f 440 438 439

o wall_W18_55
usemtl material_1
v 34.50000000 0.00000000 106.00000000
v 34.50000000 0.00000000 108.50000000
v 34.50000000 2.75000000 106.00000000
v 34.50000000 2.75000000 108.50000000
v 35.50000000 0.00000000 106.00000000
v 35.50000000 0.00000000 108.50000000
v 35.50000000 2.75000000 106.00000000
v 35.50000000 2.75000000 108.50000000
f 442 444 441
f 445 442 441
f 441 444 443
f 443 445 441
f 442 448 444
f 446 442 445
f 446 448 442
f 444 448 443
f 447 445 443
f 443 448 447
f 447 446 445
f 448 446 447

o wall_W18_56
usemtl material_1
v 35.50000000 2.10000000 106.00000000
v 35.50000000 2.10000000 108.50000000
v 35.50000000 2.75000000 106.00000000
v 35.50000000 2.75000000 108.50000000
v 50.50000000 2.10000000 106.00000000
v 50.50000000 2.10000000 108.50000000
v 50.50000000 2.75000000 106.00000000
v 50.50000000 2.75000000 108.50000000
f 450 452 449
f 453 450 449
f 449 452 451
f 451 453 449
f 450 456 452
f 454 450 453
f 454 456 450
f 452 456 451
f 455 453 451
f 451 456 455
f 455 454 453
f 456 454 455

o wall_W18_57
usemtl material_1
v 50.50000000 0.00000000 106.00000000
v 50.50000000 0.00000000 108.50000000
v 50.50000000 2.75000000 106.00000000
v 50.50000000 2.75000000 108.50000000
v 51.00000000 0.00000000 106.00000000
v 51.00000000 0.00000000 108.50000000
v 51.00000000 2.75000000 106.00000000
v 51.00000000 2.75000000 108.50000000
f 458 460 457
f 461 458 457
f 457 460 459
f 459 461 457
f 458 464 460
f 462 458 461
f 462 464 458
f 460 464 459
f 463 461 459
f 459 464 463
f 463 462 461
f 464 462 463

o wall_W18_58
usemtl material_1
v 51.00000000 0.00000000 106.00000000
v 51.00000000 0.00000000 108.50000000
v 51.00000000 0.90000000 106.00000000
v 51.00000000 0.90000000 108.50000000
v 57.50000000 0.00000000 106.00000000
v 57.50000000 0.00000000 108.50000000
v 57.50000000 0.90000000 106.00000000
v 57.50000000 0.90000000 108.50000000
f 466 468 465
f 469 466 465
f 465 468 467
f 467 469 465
f 466 472 468
f 470 466 469
f 470 472 466
f 468 472 467
f 471 469 467
f 467 472 471
f 471 470 469
f 472 470 471

o wall_W18_59
usemtl material_1
v 51.00000000 2.10000000 106.00000000
v 51.00000000 2.10000000 108.50000000
v 51.00000000 2.75000000 106.00000000
v 51.00000000 2.75000000 108.50000000
v 57.50000000 2.10000000 106.00000000
v 57.50000000 2.10000000 108.50000000
v 57.50000000 2.75000000 106.00000000
v 57.50000000 2.75000000 108.50000000
f 474 476 473
f 477 474 473
f 473 476 475
f 475 477 473
f 474 480 476
f 478 474 477
f 478 480 474
f 476 480 475
f 479 477 475
f 475 480 479
f 479 478 477
f 480 478 479

o wall_W18_60
usemtl material_1
v 51.50000000 2.10000000 106.00000000
v 51.50000000 2.10000000 108.50000000
v 51.50000000 2.75000000 106.00000000
v 51.50000000 2.75000000 108.50000000
v 56.00000000 2.10000000 106.00000000
v 56.00000000 2.10000000 108.50000000
v 56.00000000 2.75000000 106.00000000
v 56.00000000 2.75000000 108.50000000
f 482 484 481
f 485 482 481
f 481 484 483
f 483 485 481
f 482 488 484
f 486 482 485
f 486 488 482
f 484 488 483
f 487 485 483
f 483 488 487
f 487 486 485
f 488 486 487

o wall_W18_61
usemtl material_1
v 57.50000000 0.00000000 106.00000000
v 57.50000000 0.00000000 108.50000000
v 57.50000000 2.75000000 106.00000000
v 57.50000000 2.75000000 108.50000000
v 66.00000000 0.00000000 106.00000000
v 66.00000000 0.00000000 108.50000000
v 66.00000000 2.75000000 106.00000000
v 66.00000000 2.75000000 108.50000000
f 490 492 489
f 493 490 489
f 489 492 491
f 491 493 489
f 490 496 492
f 494 490 493
f 494 496 490
f 492 496 491
f 495 493 491
f 491 496 495
f 495 494 493
f 496 494 495

o wall_W18_62
usemtl material_1
v 66.00000000 0.00000000 106.00000000
v 66.00000000 0.00000000 108.50000000
v 66.00000000 0.90000000 106.00000000
v 66.00000000 0.90000000 108.50000000
v 74.50000000 0.00000000 106.00000000
v 74.50000000 0.00000000 108.50000000
v 74.50000000 0.90000000 106.00000000
v 74.50000000 0.90000000 108.50000000
f 498 500 497
f 501 498 497
f 497 500 499
f 499 501 497
f 498 504 500
f 502 498 501
f 502 504 498
f 500 504 499
f 503 501 499
f 499 504 503
f 503 502 501
f 504 502 503

o wall_W18_63
usemtl material_1
v 66.00000000 2.10000000 106.00000000
v 66.00000000 2.10000000 108.50000000
v 66.00000000 2.75000000 106.00000000
v 66.00000000 2.75000000 108.50000000
v 74.50000000 2.10000000 106.00000000
v 74.50000000 2.10000000 108.50000000
v 74.50000000 2.75000000 106.00000000
v 74.50000000 2.75000000 108.50000000
f 506 508 505
f 509 506 505
f 505 508 507
f 507 509 505
f 506 512 508
f 510 506 509
f 510 512 506
f 508 512 507
f 511 509 507
f 507 512 511
f 511 510 509
f 512 510 511

o wall_W18_64
usemtl material_1
v 74.50000000 0.00000000 106.00000000
v 74.50000000 0.00000000 108.50000000
v 74.50000000 2.75000000 106.00000000
v 74.50000000 2.75000000 108.50000000
v 76.00000000 0.00000000 106.00000000
v 76.00000000 0.00000000 108.50000000
v 76.00000000 2.75000000 106.00000000
v 76.00000000 2.75000000 108.50000000
f 514 516 513
f 517 514 513
f 513 516 515
f 515 517 513
f 514 520 516
f 518 514 517
f 518 520 514
f 516 520 515
f 519 517 515
f 515 520 519
f 519 518 517
f 520 518 519

o wall_W19_65
usemtl material_1
v 76.00000000 0.00000000 106.00000000
v 76.00000000 0.00000000 108.50000000
v 76.00000000 2.75000000 106.00000000
v 76.00000000 2.75000000 108.50000000
v 96.50000000 0.00000000 106.00000000
v 96.50000000 0.00000000 108.50000000
v 96.50000000 2.75000000 106.00000000
v 96.50000000 2.75000000 108.50000000
f 522 524 521
f 525 522 521
f 521 524 523
f 523 525 521
f 522 528 524
f 526 522 525
f 526 528 522
f 524 528 523
f 527 525 523
f 523 528 527
f 527 526 525
f 528 526 527

o wall_W19_66
usemtl material_1
v 96.50000000 2.10000000 106.00000000
v 96.50000000 2.10000000 108.50000000
v 96.50000000 2.75000000 106.00000000
v 96.50000000 2.75000000 108.50000000
v 111.50000000 2.10000000 106.00000000
v 111.50000000 2.10000000 108.50000000
v 111.50000000 2.75000000 106.00000000
v 111.50000000 2.75000000 108.50000000
f 530 532 529
f 533 530 529
f 529 532 531
f 531 533 529
f 530 536 532
f 534 530 533
f 534 536 530
f 532 536 531
f 535 533 531
f 531 536 535
f 535 534 533
f 536 534 535

o wall_W19_67
usemtl material_1
v 111.50000000 0.00000000 106.00000000
v 111.50000000 0.00000000 108.50000000
v 111.50000000 2.75000000 106.00000000
v 111.50000000 2.75000000 108.50000000
v 120.00000000 0.00000000 106.00000000
v 120.00000000 0.00000000 108.50000000
v 120.00000000 2.75000000 106.00000000
v 120.00000000 2.75000000 108.50000000
f 538 540 537
f 541 538 537
f 537 540 539
f 539 541 537
f 538 544 540
f 542 538 541
f 542 544 538
f 540 544 539
f 543 541 539
f 539 544 543
f 543 542 541
f 544 542 543

o wall_W20_68
usemtl material_1
v 226.00000000 2.10000000 106.75000000
v 226.00000000 2.10000000 107.75000000
v 226.00000000 2.75000000 106.75000000
v 226.00000000 2.75000000 107.75000000
v 232.00000000 2.10000000 106.75000000
v 232.00000000 2.10000000 107.75000000
v 232.00000000 2.75000000 106.75000000
v 232.00000000 2.75000000 107.75000000
f 546 548 545
f 549 546 545
f 545 548 547
f 547 549 545
f 546 552 548
f 550 546 549
f 550 552 546
f 548 552 547
f 551 549 547
f 547 552 551
f 551 550 549
f 552 550 551

o wall_W20_69
usemtl material_1
v 232.00000000 0.00000000 106.75000000
v 232.00000000 0.00000000 107.75000000
v 232.00000000 2.75000000 106.75000000
v 232.00000000 2.75000000 107.75000000
v 233.50000000 0.00000000 106.75000000
v 233.50000000 0.00000000 107.75000000
v 233.50000000 2.75000000 106.75000000
v 233.50000000 2.75000000 107.75000000
f 554 556 553
f 557 554 553
f 553 556 555
f 555 557 553
f 554 560 556
f 558 554 557
f 558 560 554
f 556 560 555
f 559 557 555
f 555 560 559
f 559 558 557
f 560 558 559

o wall_W21_70
usemtl material_1
v 233.50000000 0.00000000 106.75000000
v 233.50000000 0.00000000 107.75000000
v 233.50000000 2.75000000 106.75000000
v 233.50000000 2.75000000 107.75000000
v 236.50000000 0.00000000 106.75000000
v 236.50000000 0.00000000 107.75000000
v 236.50000000 2.75000000 106.75000000
v 236.50000000 2.75000000 107.75000000
f 562 564 561
f 565 562 561
f 561 564 563
f 563 565 561
f 562 568 564
f 566 562 565
f 566 568 562
f 564 568 563
f 567 565 563
f 563 568 567
f 567 566 565
f 568 566 567

o wall_W21_71
usemtl material_1
v 236.50000000 2.10000000 106.75000000
v 236.50000000 2.10000000 107.75000000
v 236.50000000 2.75000000 106.75000000
v 236.50000000 2.75000000 107.75000000
v 251.00000000 2.10000000 106.75000000
v 251.00000000 2.10000000 107.75000000
v 251.00000000 2.75000000 106.75000000
v 251.00000000 2.75000000 107.75000000
f 570 572 569
f 573 570 569
f 569 572 571
f 571 573 569
f 570 576 572
f 574 570 573
f 574 576 570
f 572 576 571
f 575 573 571
f 571 576 575
f 575 574 573
f 576 574 575

o wall_W21_72
usemtl material_1
v 251.00000000 0.00000000 106.75000000
v 251.00000000 0.00000000 107.75000000
v 251.00000000 2.75000000 106.75000000
v 251.00000000 2.75000000 107.75000000
v 252.50000000 0.00000000 106.75000000
v 252.50000000 0.00000000 107.75000000
v 252.50000000 2.75000000 106.75000000
v 252.50000000 2.75000000 107.75000000
f 578 580 577
f 581 578 577
f 577 580 579
f 579 581 577
f 578 584 580
f 582 578 581
f 582 584 578
f 580 584 579
f 583 581 579
f 579 584 583
f 583 582 581
f 584 582 583

o wall_W22_73
usemtl material_1
v 252.50000000 0.00000000 106.75000000
v 252.50000000 0.00000000 107.75000000
v 252.50000000 2.75000000 106.75000000
v 252.50000000 2.75000000 107.75000000
v 269.50000000 0.00000000 106.75000000
v 269.50000000 0.00000000 107.75000000
v 269.50000000 2.75000000 106.75000000
v 269.50000000 2.75000000 107.75000000
f 586 588 585
f 589 586 585
f 585 588 587
f 587 589 585
f 586 592 588
f 590 586 589
f 590 592 586
f 588 592 587
f 591 589 587
f 587 592 591
f 591 590 589
f 592 590 591

o wall_W23_74
usemtl material_1
v 269.50000000 0.00000000 106.75000000
v 269.50000000 0.00000000 107.75000000
v 269.50000000 2.75000000 106.75000000
v 269.50000000 2.75000000 107.75000000
v 277.50000000 0.00000000 106.75000000
v 277.50000000 0.00000000 107.75000000
v 277.50000000 2.75000000 106.75000000
v 277.50000000 2.75000000 107.75000000
f 594 596 593
f 597 594 593
f 593 596 595
f 595 597 593
f 594 600 596
f 598 594 597
f 598 600 594
f 596 600 595
f 599 597 595
f 595 600 599
f 599 598 597
f 600 598 599

o wall_W24_75
usemtl material_1
v 277.50000000 0.00000000 106.75000000
v 277.50000000 0.00000000 107.75000000
v 277.50000000 2.75000000 106.75000000
v 277.50000000 2.75000000 107.75000000
v 282.50000000 0.00000000 106.75000000
v 282.50000000 0.00000000 107.75000000
v 282.50000000 2.75000000 106.75000000
v 282.50000000 2.75000000 107.75000000
f 602 604 601
f 605 602 601
f 601 604 603
f 603 605 601
f 602 608 604
f 606 602 605
f 606 608 602
f 604 608 603
f 607 605 603
f 603 608 607
f 607 606 605
f 608 606 607

o wall_W24_76
usemtl material_1
v 282.50000000 2.10000000 106.75000000
v 282.50000000 2.10000000 107.75000000
v 282.50000000 2.75000000 106.75000000
v 282.50000000 2.75000000 107.75000000
v 296.00000000 2.10000000 106.75000000
v 296.00000000 2.10000000 107.75000000
v 296.00000000 2.75000000 106.75000000
v 296.00000000 2.75000000 107.75000000
f 610 612 609
f 613 610 609
f 609 612 611
f 611 613 609
f 610 616 612
f 614 610 613
f 614 616 610
f 612 616 611
f 615 613 611
f 611 616 615
f 615 614 613
f 616 614 615

o wall_W24_77
usemtl material_1
v 296.00000000 0.00000000 106.75000000
v 296.00000000 0.00000000 107.75000000
v 296.00000000 2.75000000 106.75000000
v 296.00000000 2.75000000 107.75000000
v 301.50000000 0.00000000 106.75000000
v 301.50000000 0.00000000 107.75000000
v 301.50000000 2.75000000 106.75000000
v 301.50000000 2.75000000 107.75000000
f 618 620 617
f 621 618 617
f 617 620 619
f 619 621 617
f 618 624 620
f 622 618 621
f 622 624 618
f 620 624 619
f 623 621 619
f 619 624 623
f 623 622 621
f 624 622 623

o wall_W25_78
usemtl material_1
v 186.50000000 2.10000000 124.75000000
v 186.50000000 2.10000000 125.75000000
v 186.50000000 2.75000000 124.75000000
v 186.50000000 2.75000000 125.75000000
v 190.50000000 2.10000000 124.75000000
v 190.50000000 2.10000000 125.75000000
v 190.50000000 2.75000000 124.75000000
v 190.50000000 2.75000000 125.75000000
f 626 628 625
f 629 626 625
f 625 628 627
f 627 629 625
f 626 632 628
f 630 626 629
f 630 632 626
f 628 632 627
f 631 629 627
f 627 632 631
f 631 630 629
f 632 630 631

o wall_W26_79
usemtl material_1
v 198.00000000 0.00000000 131.25000000
v 198.00000000 0.00000000 133.75000000
v 198.00000000 2.75000000 131.25000000
v 198.00000000 2.75000000 133.75000000
v 203.00000000 0.00000000 131.25000000
v 203.00000000 0.00000000 133.75000000
v 203.00000000 2.75000000 131.25000000
v 203.00000000 2.75000000 133.75000000
f 634 636 633
f 637 634 633
f 633 636 635
f 635 637 633
f 634 640 636
f 638 634 637
f 638 640 634
f 636 640 635
f 639 637 635
f 635 640 639
f 639 638 637
f 640 638 639

o wall_W26_80
usemtl material_1
v 203.00000000 2.10000000 131.25000000
v 203.00000000 2.10000000 133.75000000
v 203.00000000 2.75000000 131.25000000
v 203.00000000 2.75000000 133.75000000
v 207.50000000 2.10000000 131.25000000
v 207.50000000 2.10000000 133.75000000
v 207.50000000 2.75000000 131.25000000
v 207.50000000 2.75000000 133.75000000
f 642 644 641
f 645 642 641
f 641 644 643
f 643 645 641
f 642 648 644
f 646 642 645
f 646 648 642
f 644 648 643
f 647 645 643
f 643 648 647
f 647 646 645
f 648 646 647

o wall_W26_81
usemtl material_1
v 207.50000000 0.00000000 131.25000000
v 207.50000000 0.00000000 133.75000000
v 207.50000000 2.75000000 131.25000000
v 207.50000000 2.75000000 133.75000000
v 208.50000000 0.00000000 131.25000000
v 208.50000000 0.00000000 133.75000000
v 208.50000000 2.75000000 131.25000000
v 208.50000000 2.75000000 133.75000000
f 650 652 649
f 653 650 649
f 649 652 651
f 651 653 649
f 650 656 652
f 654 650 653
f 654 656 650
f 652 656 651
f 655 653 651
f 651 656 655
f 655 654 653
f 656 654 655

o wall_W26_82
usemtl material_1
v 208.50000000 2.10000000 131.25000000
v 208.50000000 2.10000000 133.75000000
v 208.50000000 2.75000000 131.25000000
v 208.50000000 2.75000000 133.75000000
v 225.00000000 2.10000000 131.25000000
v 225.00000000 2.10000000 133.75000000
v 225.00000000 2.75000000 131.25000000
v 225.00000000 2.75000000 133.75000000
f 658 660 657
f 661 658 657
f 657 660 659
f 659 661 657
f 658 664 660
f 662 658 661
f 662 664 658
f 660 664 659
f 663 661 659
f 659 664 663
f 663 662 661
f 664 662 663

o wall_W26_83
usemtl material_1
v 225.00000000 0.00000000 131.25000000
v 225.00000000 0.00000000 133.75000000
v 225.00000000 2.75000000 131.25000000
v 225.00000000 2.75000000 133.75000000
v 233.50000000 0.00000000 131.25000000
v 233.50000000 0.00000000 133.75000000
v 233.50000000 2.75000000 131.25000000
v 233.50000000 2.75000000 133.75000000
f 666 668 665
f 669 666 665
f 665 668 667
f 667 669 665
f 666 672 668
f 670 666 669
f 670 672 666
f 668 672 667
f 671 669 667
f 667 672 671
f 671 670 669
f 672 670 671

o wall_W27_84
usemtl material_1
v 131.75000000 2.10000000 132.75000000
v 131.75000000 2.10000000 134.25000000
v 131.75000000 2.75000000 132.75000000
v 131.75000000 2.75000000 134.25000000
v 137.00000000 2.10000000 132.75000000
v 137.00000000 2.10000000 134.25000000
v 137.00000000 2.75000000 132.75000000
v 137.00000000 2.75000000 134.25000000
f 674 676 673
f 677 674 673
f 673 676 675
f 675 677 673
f 674 680 676
f 678 674 677
f 678 680 674
f 676 680 675
f 679 677 675
f 675 680 679
f 679 678 677
f 680 678 679

o wall_W28_85
usemtl material_1
v 131.75000000 2.10000000 142.75000000
v 131.75000000 2.10000000 144.25000000
v 131.75000000 2.75000000 142.75000000
v 131.75000000 2.75000000 144.25000000
v 137.00000000 2.10000000 142.75000000
v 137.00000000 2.10000000 144.25000000
v 137.00000000 2.75000000 142.75000000
v 137.00000000 2.75000000 144.25000000
f 682 684 681
f 685 682 681
f 681 684 683
f 683 685 681
f 682 688 684
f 686 682 685
f 686 688 682
f 684 688 683
f 687 685 683
f 683 688 687
f 687 686 685
f 688 686 687

o wall_W29_86
usemtl material_0
v 198.00000000 0.00000000 146.50000000
v 198.00000000 0.00000000 149.00000000
v 198.00000000 2.75000000 146.50000000
v 198.00000000 2.75000000 149.00000000
v 203.00000000 0.00000000 146.50000000
v 203.00000000 0.00000000 149.00000000
v 203.00000000 2.75000000 146.50000000
v 203.00000000 2.75000000 149.00000000
f 690 692 689
f 693 690 689
f 689 692 691
f 691 693 689
f 690 696 692
f 694 690 693
f 694 696 690
f 692 696 691
f 695 693 691
f 691 696 695
f 695 694 693
f 696 694 695

o wall_W29_87
usemtl material_0
v 203.00000000 2.10000000 146.50000000
v 203.00000000 2.10000000 149.00000000
v 203.00000000 2.75000000 146.50000000
v 203.00000000 2.75000000 149.00000000
v 225.00000000 2.10000000 146.50000000
v 225.00000000 2.10000000 149.00000000
v 225.00000000 2.75000000 146.50000000
v 225.00000000 2.75000000 149.00000000
f 698 700 697
f 701 698 697
f 697 700 699
f 699 701 697
f 698 704 700
f 702 698 701
f 702 704 698
f 700 704 699
f 703 701 699
f 699 704 703
f 703 702 701
f 704 702 703

o wall_W29_88
usemtl material_0
v 225.00000000 0.00000000 146.50000000
v 225.00000000 0.00000000 149.00000000
v 225.00000000 2.75000000 146.50000000
v 225.00000000 2.75000000 149.00000000
v 233.50000000 0.00000000 146.50000000
v 233.50000000 0.00000000 149.00000000
v 233.50000000 2.75000000 146.50000000
v 233.50000000 2.75000000 149.00000000
f 706 708 705
f 709 706 705
f 705 708 707
f 707 709 705
f 706 712 708
f 710 706 709
f 710 712 706
f 708 712 707
f 711 709 707
f 707 712 711
f 711 710 709
f 712 710 711

o wall_W30_89
usemtl material_1
v 131.75000000 2.10000000 152.75000000
v 131.75000000 2.10000000 154.25000000
v 131.75000000 2.75000000 152.75000000
v 131.75000000 2.75000000 154.25000000
v 137.00000000 2.10000000 152.75000000
v 137.00000000 2.10000000 154.25000000
v 137.00000000 2.75000000 152.75000000
v 137.00000000 2.75000000 154.25000000
f 714 716 713
f 717 714 713
f 713 716 715
f 715 717 713
f 714 720 716
f 718 714 717
f 718 720 714
f 716 720 715
f 719 717 715
f 715 720 719
f 719 718 717
f 720 718 719

o wall_W31_90
usemtl material_0
v 19.75000000 0.00000000 163.25000000
v 19.75000000 0.00000000 165.75000000
v 19.75000000 2.75000000 163.25000000
v 19.75000000 2.75000000 165.75000000
v 75.00000000 0.00000000 163.25000000
v 75.00000000 0.00000000 165.75000000
v 75.00000000 2.75000000 163.25000000
v 75.00000000 2.75000000 165.75000000
f 722 724 721
f 725 722 721
f 721 724 723
f 723 725 721
f 722 728 724
f 726 722 725
f 726 728 722
f 724 728 723
f 727 725 723
f 723 728 727
f 727 726 725
f 728 726 727

o wall_W31_91
usemtl material_0
v 75.00000000 0.00000000 163.25000000
v 75.00000000 0.00000000 165.75000000
v 75.00000000 0.90000000 163.25000000
v 75.00000000 0.90000000 165.75000000
v 96.00000000 0.00000000 163.25000000
v 96.00000000 0.00000000 165.75000000
v 96.00000000 0.90000000 163.25000000
v 96.00000000 0.90000000 165.75000000
f 730 732 729
f 733 730 729
f 729 732 731
f 731 733 729
f 730 736 732
f 734 730 733
f 734 736 730
f 732 736 731
f 735 733 731
f 731 736 735
f 735 734 733
f 736 734 735

o wall_W31_92
usemtl material_0
v 75.00000000 2.10000000 163.25000000
v 75.00000000 2.10000000 165.75000000
v 75.00000000 2.75000000 163.25000000
v 75.00000000 2.75000000 165.75000000
v 96.00000000 2.10000000 163.25000000
v 96.00000000 2.10000000 165.75000000
v 96.00000000 2.75000000 163.25000000
v 96.00000000 2.75000000 165.75000000
f 738 740 737
f 741 738 737
f 737 740 739
f 739 741 737
f 738 744 740
f 742 738 741
f 742 744 738
f 740 744 739
f 743 741 739
f 739 744 743
f 743 742 741
f 744 742 743

o wall_W31_93
usemtl material_0
v 96.00000000 0.00000000 163.25000000
v 96.00000000 0.00000000 165.75000000
v 96.00000000 2.75000000 163.25000000
v 96.00000000 2.75000000 165.75000000
v 97.00000000 0.00000000 163.25000000
v 97.00000000 0.00000000 165.75000000
v 97.00000000 2.75000000 163.25000000
v 97.00000000 2.75000000 165.75000000
f 746 748 745
f 749 746 745
f 745 748 747
f 747 749 745
f 746 752 748
f 750 746 749
f 750 752 746
f 748 752 747
f 751 749 747
f 747 752 751
f 751 750 749
f 752 750 751

o wall_W31_94
usemtl material_0
v 97.00000000 0.00000000 163.25000000
v 97.00000000 0.00000000 165.75000000
v 97.00000000 0.90000000 163.25000000
v 97.00000000 0.90000000 165.75000000
v 107.00000000 0.00000000 163.25000000
v 107.00000000 0.00000000 165.75000000
v 107.00000000 0.90000000 163.25000000
v 107.00000000 0.90000000 165.75000000
f 754 756 753
f 757 754 753
f 753 756 755
f 755 757 753
f 754 760 756
f 758 754 757
f 758 760 754
f 756 760 755
f 759 757 755
f 755 760 759
f 759 758 757
f 760 758 759

o wall_W31_95
usemtl material_0
v 97.00000000 2.10000000 163.25000000
v 97.00000000 2.10000000 165.75000000
v 97.00000000 2.75000000 163.25000000
v 97.00000000 2.75000000 165.75000000
v 107.00000000 2.10000000 163.25000000
v 107.00000000 2.10000000 165.75000000
v 107.00000000 2.75000000 163.25000000
v 107.00000000 2.75000000 165.75000000
f 762 764 761
f 765 762 761
f 761 764 763
f 763 765 761
f 762 768 764
f 766 762 765
f 766 768 762
f 764 768 763
f 767 765 763
f 763 768 767
f 767 766 765
f 768 766 767

o wall_W31_96
usemtl material_0
v 107.00000000 0.00000000 163.25000000
v 107.00000000 0.00000000 165.75000000
v 107.00000000 2.75000000 163.25000000
v 107.00000000 2.75000000 165.75000000
v 124.25000000 0.00000000 163.25000000
v 124.25000000 0.00000000 165.75000000
v 124.25000000 2.75000000 163.25000000
v 124.25000000 2.75000000 165.75000000
f 770 772 769
f 773 770 769
f 769 772 771
f 771 773 769
f 770 776 772
f 774 770 773
f 774 776 770
f 772 776 771
f 775 773 771
f 771 776 775
f 775 774 773
f 776 774 775

o wall_W32_97
usemtl material_0
v 124.25000000 0.00000000 163.25000000
v 124.25000000 0.00000000 165.75000000
v 124.25000000 2.75000000 163.25000000
v 124.25000000 2.75000000 165.75000000
v 131.75000000 0.00000000 163.25000000
v 131.75000000 0.00000000 165.75000000
v 131.75000000 2.75000000 163.25000000
v 131.75000000 2.75000000 165.75000000
f 778 780 777
f 781 778 777
f 777 780 779
f 779 781 777
f 778 784 780
f 782 778 781
f 782 784 778
f 780 784 779
f 783 781 779
f 779 784 783
f 783 782 781
f 784 782 783

o wall_W33_98
usemtl material_0
v 131.75000000 0.00000000 163.25000000
v 131.75000000 0.00000000 165.75000000
v 131.75000000 2.75000000 163.25000000
v 131.75000000 2.75000000 165.75000000
v 143.00000000 0.00000000 163.25000000
v 143.00000000 0.00000000 165.75000000
v 143.00000000 2.75000000 163.25000000
v 143.00000000 2.75000000 165.75000000
f 786 788 785
f 789 786 785
f 785 788 787
f 787 789 785
f 786 792 788
f 790 786 789
f 790 792 786
f 788 792 787
f 791 789 787
f 787 792 791
f 791 790 789
f 792 790 791

o wall_W33_99
usemtl material_0
v 143.00000000 0.00000000 163.25000000
v 143.00000000 0.00000000 165.75000000
v 143.00000000 0.90000000 163.25000000
v 143.00000000 0.90000000 165.75000000
v 153.00000000 0.00000000 163.25000000
v 153.00000000 0.00000000 165.75000000
v 153.00000000 0.90000000 163.25000000
v 153.00000000 0.90000000 165.75000000
f 794 796 793
f 797 794 793
f 793 796 795
f 795 797 793
f 794 800 796
f 798 794 797
f 798 800 794
f 796 800 795
f 799 797 795
f 795 800 799
f 799 798 797
f 800 798 799

o wall_W33_100
usemtl material_0
v 143.00000000 2.10000000 163.25000000
v 143.00000000 2.10000000 165.75000000
v 143.00000000 2.75000000 163.25000000
v 143.00000000 2.75000000 165.75000000
v 153.00000000 2.10000000 163.25000000
v 153.00000000 2.10000000 165.75000000
v 153.00000000 2.75000000 163.25000000
v 153.00000000 2.75000000 165.75000000
f 802 804 801
f 805 802 801
f 801 804 803
f 803 805 801
f 802 808 804
f 806 802 805
f 806 808 802
f 804 808 803
f 807 805 803
f 803 808 807
f 807 806 805
f 808 806 807

o wall_W33_101
usemtl material_0
v 153.00000000 0.00000000 163.25000000
v 153.00000000 0.00000000 165.75000000
v 153.00000000 2.75000000 163.25000000
v 153.00000000 2.75000000 165.75000000
v 154.00000000 0.00000000 163.25000000
v 154.00000000 0.00000000 165.75000000
v 154.00000000 2.75000000 163.25000000
v 154.00000000 2.75000000 165.75000000
f 810 812 809
f 813 810 809
f 809 812 811
f 811 813 809
f 810 816 812
f 814 810 813
f 814 816 810
f 812 816 811
f 815 813 811
f 811 816 815
f 815 814 813
f 816 814 815

o wall_W33_102
usemtl material_0
v 154.00000000 0.00000000 163.25000000
v 154.00000000 0.00000000 165.75000000
v 154.00000000 0.90000000 163.25000000
v 154.00000000 0.90000000 165.75000000
v 178.50000000 0.00000000 163.25000000
v 178.50000000 0.00000000 165.75000000
v 178.50000000 0.90000000 163.25000000
v 178.50000000 0.90000000 165.75000000
f 818 820 817
f 821 818 817
f 817 820 819
f 819 821 817
f 818 824 820
f 822 818 821
f 822 824 818
f 820 824 819
f 823 821 819
f 819 824 823
f 823 822 821
f 824 822 823

o wall_W33_103
usemtl material_0
v 154.00000000 2.10000000 163.25000000
v 154.00000000 2.10000000 165.75000000
v 154.00000000 2.75000000 163.25000000
v 154.00000000 2.75000000 165.75000000
v 178.50000000 2.10000000 163.25000000
v 178.50000000 2.10000000 165.75000000
v 178.50000000 2.75000000 163.25000000
v 178.50000000 2.75000000 165.75000000
f 826 828 825
f 829 826 825
f 825 828 827
f 827 829 825
f 826 832 828
f 830 826 829
f 830 832 826
f 828 832 827
f 831 829 827
f 827 832 831
f 831 830 829
f 832 830 831

o wall_W33_104
usemtl material_0
v 178.50000000 0.00000000 163.25000000
v 178.50000000 0.00000000 165.75000000
v 178.50000000 2.75000000 163.25000000
v 178.50000000 2.75000000 165.75000000
v 190.75000000 0.00000000 163.25000000
v 190.75000000 0.00000000 165.75000000
v 190.75000000 2.75000000 163.25000000
v 190.75000000 2.75000000 165.75000000
f 834 836 833
f 837 834 833
f 833 836 835
f 835 837 833
f 834 840 836
f 838 834 837
f 838 840 834
f 836 840 835
f 839 837 835
f 835 840 839
f 839 838 837
f 840 838 839

o wall_W34_105
usemtl material_0
v 190.75000000 0.00000000 163.25000000
v 190.75000000 0.00000000 165.75000000
v 190.75000000 2.75000000 163.25000000
v 190.75000000 2.75000000 165.75000000
v 198.00000000 0.00000000 163.25000000
v 198.00000000 0.00000000 165.75000000
v 198.00000000 2.75000000 163.25000000
v 198.00000000 2.75000000 165.75000000
f 842 844 841
f 845 842 841
f 841 844 843
f 843 845 841
f 842 848 844
f 846 842 845
f 846 848 842
f 844 848 843
f 847 845 843
f 843 848 847
f 847 846 845
f 848 846 847

o wall_W35_106
usemtl material_0
v 233.50000000 0.00000000 163.25000000
v 233.50000000 0.00000000 165.75000000
v 233.50000000 2.75000000 163.25000000
v 233.50000000 2.75000000 165.75000000
v 251.00000000 0.00000000 163.25000000
v 251.00000000 0.00000000 165.75000000
v 251.00000000 2.75000000 163.25000000
v 251.00000000 2.75000000 165.75000000
f 850 852 849
f 853 850 849
f 849 852 851
f 851 853 849
f 850 856 852
f 854 850 853
f 854 856 850
f 852 856 851
f 855 853 851
f 851 856 855
f 855 854 853
f 856 854 855

o wall_W35_107
usemtl material_0
v 251.00000000 0.00000000 163.25000000
v 251.00000000 0.00000000 165.75000000
v 251.00000000 0.90000000 163.25000000
v 251.00000000 0.90000000 165.75000000
v 261.00000000 0.00000000 163.25000000
v 261.00000000 0.00000000 165.75000000
v 261.00000000 0.90000000 163.25000000
v 261.00000000 0.90000000 165.75000000
f 858 860 857
f 861 858 857
f 857 860 859
f 859 861 857
f 858 864 860
f 862 858 861
f 862 864 858
f 860 864 859
f 863 861 859
f 859 864 863
f 863 862 861
f 864 862 863

o wall_W35_108
usemtl material_0
v 251.00000000 2.10000000 163.25000000
v 251.00000000 2.10000000 165.75000000
v 251.00000000 2.75000000 163.25000000
v 251.00000000 2.75000000 165.75000000
v 261.00000000 2.10000000 163.25000000
v 261.00000000 2.10000000 165.75000000
v 261.00000000 2.75000000 163.25000000
v 261.00000000 2.75000000 165.75000000
f 866 868 865
f 869 866 865
f 865 868 867
f 867 869 865
f 866 872 868
f 870 866 869
f 870 872 866
f 868 872 867
f 871 869 867
f 867 872 871
f 871 870 869
f 872 870 871

o wall_W35_109
usemtl material_0
v 261.00000000 0.00000000 163.25000000
v 261.00000000 0.00000000 165.75000000
v 261.00000000 2.75000000 163.25000000
v 261.00000000 2.75000000 165.75000000
v 262.50000000 0.00000000 163.25000000
v 262.50000000 0.00000000 165.75000000
v 262.50000000 2.75000000 163.25000000
v 262.50000000 2.75000000 165.75000000
f 874 876 873
f 877 874 873
f 873 876 875
f 875 877 873
f 874 880 876
f 878 874 877
f 878 880 874
f 876 880 875
f 879 877 875
f 875 880 879
f 879 878 877
f 880 878 879

o wall_W35_110
usemtl material_0
v 262.50000000 0.00000000 163.25000000
v 262.50000000 0.00000000 165.75000000
v 262.50000000 0.90000000 163.25000000
v 262.50000000 0.90000000 165.75000000
v 283.50000000 0.00000000 163.25000000
v 283.50000000 0.00000000 165.75000000
v 283.50000000 0.90000000 163.25000000
v 283.50000000 0.90000000 165.75000000
f 882 884 881
f 885 882 881
f 881 884 883
f 883 885 881
f 882 888 884
f 886 882 885
f 886 888 882
f 884 888 883
f 887 885 883
f 883 888 887
f 887 886 885
f 888 886 887

o wall_W35_111
usemtl material_0
v 262.50000000 2.10000000 163.25000000
v 262.50000000 2.10000000 165.75000000
v 262.50000000 2.75000000 163.25000000
v 262.50000000 2.75000000 165.75000000
v 283.50000000 2.10000000 163.25000000
v 283.50000000 2.10000000 165.75000000
v 283.50000000 2.75000000 163.25000000
v 283.50000000 2.75000000 165.75000000
f 890 892 889
f 893 890 889
f 889 892 891
f 891 893 889
f 890 896 892
f 894 890 893
f 894 896 890
f 892 896 891
f 895 893 891
f 891 896 895
f 895 894 893
f 896 894 895

o wall_W35_112
usemtl material_0
v 283.50000000 0.00000000 163.25000000
v 283.50000000 0.00000000 165.75000000
v 283.50000000 2.75000000 163.25000000
v 283.50000000 2.75000000 165.75000000
v 301.50000000 0.00000000 163.25000000
v 301.50000000 0.00000000 165.75000000
v 301.50000000 2.75000000 163.25000000
v 301.50000000 2.75000000 165.75000000
f 898 900 897
f 901 898 897
f 897 900 899
f 899 901 897
f 898 904 900
f 902 898 901
f 902 904 898
f 900 904 899
f 903 901 899
f 899 904 903
f 903 902 901
f 904 902 903

o wall_W36_113
usemtl material_0
v 0.00000000 0.00000000 158.25000000
v 0.00000000 0.00000000 163.25000000
v 0.00000000 2.75000000 158.25000000
v 0.00000000 2.75000000 163.25000000
v 1.50000000 0.00000000 158.25000000
v 1.50000000 0.00000000 163.25000000
v 1.50000000 2.75000000 158.25000000
v 1.50000000 2.75000000 163.25000000
f 906 908 905
f 909 906 905
f 905 908 907
f 907 909 905
f 906 912 908
f 910 906 909
f 910 912 906
f 908 912 907
f 911 909 907
f 907 912 911
f 911 910 909
f 912 910 911

o wall_W37_114
usemtl material_0
v 18.25000000 0.00000000 11.50000000
v 18.25000000 0.00000000 50.75000000
v 18.25000000 2.75000000 11.50000000
v 18.25000000 2.75000000 50.75000000
v 21.25000000 0.00000000 11.50000000
v 21.25000000 0.00000000 50.75000000
v 21.25000000 2.75000000 11.50000000
v 21.25000000 2.75000000 50.75000000
f 914 916 913
f 917 914 913
f 913 916 915
f 915 917 913
f 914 920 916
f 918 914 917
f 918 920 914
f 916 920 915
f 919 917 915
f 915 920 919
f 919 918 917
f 920 918 919

o wall_W38_115
usemtl material_0
v 18.25000000 0.00000000 50.75000000
v 18.25000000 0.00000000 72.75000000
v 18.25000000 2.75000000 50.75000000
v 18.25000000 2.75000000 72.75000000
v 21.25000000 0.00000000 50.75000000
v 21.25000000 0.00000000 72.75000000
v 21.25000000 2.75000000 50.75000000
v 21.25000000 2.75000000 72.75000000
f 922 924 921
f 925 922 921
f 921 924 923
f 923 925 921
f 922 928 924
f 926 922 925
f 926 928 922
f 924 928 923
f 927 925 923
f 923 928 927
f 927 926 925
f 928 926 927

o wall_W38_116
usemtl material_0
v 18.25000000 0.00000000 72.75000000
v 18.25000000 0.00000000 89.25000000
v 18.25000000 0.90000000 72.75000000
v 18.25000000 0.90000000 89.25000000
v 21.25000000 0.00000000 72.75000000
v 21.25000000 0.00000000 89.25000000
v 21.25000000 0.90000000 72.75000000
v 21.25000000 0.90000000 89.25000000
f 930 932 929
f 933 930 929
f 929 932 931
f 931 933 929
f 930 936 932
f 934 930 933
f 934 936 930
f 932 936 931
f 935 933 931
f 931 936 935
f 935 934 933
f 936 934 935

o wall_W38_117
usemtl material_0
v 18.25000000 2.10000000 72.75000000
v 18.25000000 2.10000000 89.25000000
v 18.25000000 2.75000000 72.75000000
v 18.25000000 2.75000000 89.25000000
v 21.25000000 2.10000000 72.75000000
v 21.25000000 2.10000000 89.25000000
v 21.25000000 2.75000000 72.75000000
v 21.25000000 2.75000000 89.25000000
f 938 940 937
f 941 938 937
f 937 940 939
f 939 941 937
f 938 944 940
f 942 938 941
f 942 944 938
f 940 944 939
f 943 941 939
f 939 944 943
f 943 942 941
f 944 942 943

o wall_W38_118
usemtl material_0
v 18.25000000 2.10000000 89.25000000
v 18.25000000 2.10000000 104.75000000
v 18.25000000 2.75000000 89.25000000
v 18.25000000 2.75000000 104.75000000
v 21.25000000 2.10000000 89.25000000
v 21.25000000 2.10000000 104.75000000
v 21.25000000 2.75000000 89.25000000
v 21.25000000 2.75000000 104.75000000
f 946 948 945
f 949 946 945
f 945 948 947
f 947 949 945
f 946 952 948
f 950 946 949
f 950 952 946
f 948 952 947
f 951 949 947
f 947 952 951
f 951 950 949
f 952 950 951

o wall_W38_119
usemtl material_0
v 18.25000000 0.00000000 104.75000000
v 18.25000000 0.00000000 106.00000000
v 18.25000000 2.75000000 104.75000000
v 18.25000000 2.75000000 106.00000000
v 21.25000000 0.00000000 104.75000000
v 21.25000000 0.00000000 106.00000000
v 21.25000000 2.75000000 104.75000000
v 21.25000000 2.75000000 106.00000000
f 954 956 953
f 957 954 953
f 953 956 955
f 955 957 953
f 954 960 956
f 958 954 957
f 958 960 954
f 956 960 955
f 959 957 955
f 955 960 959
f 959 958 957
f 960 958 959

o wall_W39_120
usemtl material_0
v 18.25000000 0.00000000 106.00000000
v 18.25000000 0.00000000 107.25000000
v 18.25000000 2.75000000 106.00000000
v 18.25000000 2.75000000 107.25000000
v 21.25000000 0.00000000 106.00000000
v 21.25000000 0.00000000 107.25000000
v 21.25000000 2.75000000 106.00000000
v 21.25000000 2.75000000 107.25000000
f 962 964 961
f 965 962 961
f 961 964 963
f 963 965 961
f 962 968 964
f 966 962 965
f 966 968 962
f 964 968 963
f 967 965 963
f 963 968 967
f 967 966 965
f 968 966 967

o wall_W40_121
usemtl material_0
v 18.25000000 0.00000000 107.25000000
v 18.25000000 0.00000000 164.50000000
v 18.25000000 2.75000000 107.25000000
v 18.25000000 2.75000000 164.50000000
v 21.25000000 0.00000000 107.25000000
v 21.25000000 0.00000000 164.50000000
v 21.25000000 2.75000000 107.25000000
v 21.25000000 2.75000000 164.50000000
f 970 972 969
f 973 970 969
f 969 972 971
f 971 973 969
f 970 976 972
f 974 970 973
f 974 976 970
f 972 976 971
f 975 973 971
f 971 976 975
f 975 974 973
f 976 974 975

o wall_W41_122
usemtl material_1
v 41.50000000 0.00000000 11.50000000
v 41.50000000 0.00000000 50.75000000
v 41.50000000 2.75000000 11.50000000
v 41.50000000 2.75000000 50.75000000
v 44.50000000 0.00000000 11.50000000
v 44.50000000 0.00000000 50.75000000
v 44.50000000 2.75000000 11.50000000
v 44.50000000 2.75000000 50.75000000
f 978 980 977
f 981 978 977
f 977 980 979
f 979 981 977
f 978 984 980
f 982 978 981
f 982 984 978
f 980 984 979
f 983 981 979
f 979 984 983
f 983 982 981
f 984 982 983

o wall_W42_123
usemtl material_1
v 74.50000000 0.00000000 11.50000000
v 74.50000000 0.00000000 25.75000000
v 74.50000000 2.75000000 11.50000000
v 74.50000000 2.75000000 25.75000000
v 77.50000000 0.00000000 11.50000000
v 77.50000000 0.00000000 25.75000000
v 77.50000000 2.75000000 11.50000000
v 77.50000000 2.75000000 25.75000000
f 986 988 985
f 989 986 985
f 985 988 987
f 987 989 985
f 986 992 988
f 990 986 989
f 990 992 986
f 988 992 987
f 991 989 987
f 987 992 991
f 991 990 989
f 992 990 991

o wall_W42_124
usemtl material_1
v 74.50000000 0.00000000 25.75000000
v 74.50000000 0.00000000 37.75000000
v 74.50000000 0.90000000 25.75000000
v 74.50000000 0.90000000 37.75000000
v 77.50000000 0.00000000 25.75000000
v 77.50000000 0.00000000 37.75000000
v 77.50000000 0.90000000 25.75000000
v 77.50000000 0.90000000 37.75000000
f 994 996 993
f 997 994 993
f 993 996 995
f 995 997 993
f 994 1000 996
f 998 994 997
f 998 1000 994
f 996 1000 995
f 999 997 995
f 995 1000 999
f 999 998 997
f 1000 998 999

o wall_W42_125
usemtl material_1
v 74.50000000 2.10000000 25.75000000
v 74.50000000 2.10000000 37.75000000
v 74.50000000 2.75000000 25.75000000
v 74.50000000 2.75000000 37.75000000
v 77.50000000 2.10000000 25.75000000
v 77.50000000 2.10000000 37.75000000
v 77.50000000 2.75000000 25.75000000
v 77.50000000 2.75000000 37.75000000
f 1002 1004 1001
f 1005 1002 1001
f 1001 1004 1003
f 1003 1005 1001
f 1002 1008 1004
f 1006 1002 1005
f 1006 1008 1002
f 1004 1008 1003
f 1007 1005 1003
f 1003 1008 1007
f 1007 1006 1005
f 1008 1006 1007

o wall_W42_126
usemtl material_1
v 74.50000000 2.10000000 28.25000000
v 74.50000000 2.10000000 35.75000000
v 74.50000000 2.75000000 28.25000000
v 74.50000000 2.75000000 35.75000000
v 77.50000000 2.10000000 28.25000000
v 77.50000000 2.10000000 35.75000000
v 77.50000000 2.75000000 28.25000000
v 77.50000000 2.75000000 35.75000000
f 1010 1012 1009
f 1013 1010 1009
f 1009 1012 1011
f 1011 1013 1009
f 1010 1016 1012
f 1014 1010 1013
f 1014 1016 1010
f 1012 1016 1011
f 1015 1013 1011
f 1011 1016 1015
f 1015 1014 1013
f 1016 1014 1015

o wall_W42_127
usemtl material_1
v 74.50000000 0.00000000 37.75000000
v 74.50000000 0.00000000 39.75000000
v 74.50000000 2.75000000 37.75000000
v 74.50000000 2.75000000 39.75000000
v 77.50000000 0.00000000 37.75000000
v 77.50000000 0.00000000 39.75000000
v 77.50000000 2.75000000 37.75000000
v 77.50000000 2.75000000 39.75000000
f 1018 1020 1017
f 1021 1018 1017
f 1017 1020 1019
f 1019 1021 1017
f 1018 1024 1020
f 1022 1018 1021
f 1022 1024 1018
f 1020 1024 1019
f 1023 1021 1019
f 1019 1024 1023
f 1023 1022 1021
f 1024 1022 1023

o wall_W43_128
usemtl material_1
v 74.50000000 0.00000000 52.25000000
v 74.50000000 0.00000000 63.50000000
v 74.50000000 2.75000000 52.25000000
v 74.50000000 2.75000000 63.50000000
v 77.50000000 0.00000000 52.25000000
v 77.50000000 0.00000000 63.50000000
v 77.50000000 2.75000000 52.25000000
v 77.50000000 2.75000000 63.50000000
f 1026 1028 1025
f 1029 1026 1025
f 1025 1028 1027
f 1027 1029 1025
f 1026 1032 1028
f 1030 1026 1029
f 1030 1032 1026
f 1028 1032 1027
f 1031 1029 1027
f 1027 1032 1031
f 1031 1030 1029
f 1032 1030 1031

o wall_W44_129
usemtl material_1
v 74.50000000 0.00000000 63.50000000
v 74.50000000 0.00000000 91.25000000
v 74.50000000 2.75000000 63.50000000
v 74.50000000 2.75000000 91.25000000
v 77.50000000 0.00000000 63.50000000
v 77.50000000 0.00000000 91.25000000
v 77.50000000 2.75000000 63.50000000
v 77.50000000 2.75000000 91.25000000
f 1034 1036 1033
f 1037 1034 1033
f 1033 1036 1035
f 1035 1037 1033
f 1034 1040 1036
f 1038 1034 1037
f 1038 1040 1034
f 1036 1040 1035
f 1039 1037 1035
f 1035 1040 1039
f 1039 1038 1037
f 1040 1038 1039

o wall_W44_130
usemtl material_1
v 74.50000000 2.10000000 91.25000000
v 74.50000000 2.10000000 102.75000000
v 74.50000000 2.75000000 91.25000000
v 74.50000000 2.75000000 102.75000000
v 77.50000000 2.10000000 91.25000000
v 77.50000000 2.10000000 102.75000000
v 77.50000000 2.75000000 91.25000000
v 77.50000000 2.75000000 102.75000000
f 1042 1044 1041
f 1045 1042 1041
f 1041 1044 1043
f 1043 1045 1041
f 1042 1048 1044
f 1046 1042 1045
f 1046 1048 1042
f 1044 1048 1043
f 1047 1045 1043
f 1043 1048 1047
f 1047 1046 1045
f 1048 1046 1047

o wall_W44_131
usemtl material_1
v 74.50000000 0.00000000 102.75000000
v 74.50000000 0.00000000 107.25000000
v 74.50000000 2.75000000 102.75000000
v 74.50000000 2.75000000 107.25000000
v 77.50000000 0.00000000 102.75000000
v 77.50000000 0.00000000 107.25000000
v 77.50000000 2.75000000 102.75000000
v 77.50000000 2.75000000 107.25000000
f 1050 1052 1049
f 1053 1050 1049
f 1049 1052 1051
f 1051 1053 1049
f 1050 1056 1052
f 1054 1050 1053
f 1054 1056 1050
f 1052 1056 1051
f 1055 1053 1051
f 1051 1056 1055
f 1055 1054 1053
f 1056 1054 1055

o wall_W45_132
usemtl material_1
v 111.25000000 0.00000000 75.25000000
v 111.25000000 0.00000000 91.75000000
v 111.25000000 2.75000000 75.25000000
v 111.25000000 2.75000000 91.75000000
v 111.75000000 0.00000000 75.25000000
v 111.75000000 0.00000000 91.75000000
v 111.75000000 2.75000000 75.25000000
v 111.75000000 2.75000000 91.75000000
f 1058 1060 1057
f 1061 1058 1057
f 1057 1060 1059
f 1059 1061 1057
f 1058 1064 1060
f 1062 1058 1061
f 1062 1064 1058
f 1060 1064 1059
f 1063 1061 1059
f 1059 1064 1063
f 1063 1062 1061
f 1064 1062 1063

o wall_W46_133
usemtl material_1
v 114.50000000 0.00000000 11.50000000
v 114.50000000 0.00000000 63.50000000
v 114.50000000 2.75000000 11.50000000
v 114.50000000 2.75000000 63.50000000
v 117.50000000 0.00000000 11.50000000
v 117.50000000 0.00000000 63.50000000
v 117.50000000 2.75000000 11.50000000
v 117.50000000 2.75000000 63.50000000
f 1066 1068 1065
f 1069 1066 1065
f 1065 1068 1067
f 1067 1069 1065
f 1066 1072 1068
f 1070 1066 1069
f 1070 1072 1066
f 1068 1072 1067
f 1071 1069 1067
f 1067 1072 1071
f 1071 1070 1069
f 1072 1070 1071

o wall_W47_134
usemtl material_1
v 114.50000000 0.00000000 63.50000000
v 114.50000000 0.00000000 79.50000000
v 114.50000000 2.75000000 63.50000000
v 114.50000000 2.75000000 79.50000000
v 117.50000000 0.00000000 63.50000000
v 117.50000000 0.00000000 79.50000000
v 117.50000000 2.75000000 63.50000000
v 117.50000000 2.75000000 79.50000000
f 1074 1076 1073
f 1077 1074 1073
f 1073 1076 1075
f 1075 1077 1073
f 1074 1080 1076
f 1078 1074 1077
f 1078 1080 1074
f 1076 1080 1075
f 1079 1077 1075
f 1075 1080 1079
f 1079 1078 1077
f 1080 1078 1079

o wall_W48_135
usemtl material_1
v 118.75000000 0.00000000 107.25000000
v 118.75000000 0.00000000 124.25000000
v 118.75000000 2.75000000 107.25000000
v 118.75000000 2.75000000 124.25000000
v 121.25000000 0.00000000 107.25000000
v 121.25000000 0.00000000 124.25000000
v 121.25000000 2.75000000 107.25000000
v 121.25000000 2.75000000 124.25000000
f 1082 1084 1081
f 1085 1082 1081
f 1081 1084 1083
f 1083 1085 1081
f 1082 1088 1084
f 1086 1082 1085
f 1086 1088 1082
f 1084 1088 1083
f 1087 1085 1083
f 1083 1088 1087
f 1087 1086 1085
f 1088 1086 1087

o wall_W49_136
usemtl material_1
v 123.00000000 0.00000000 108.75000000
v 123.00000000 0.00000000 164.50000000
v 123.00000000 2.75000000 108.75000000
v 123.00000000 2.75000000 164.50000000
v 125.50000000 0.00000000 108.75000000
v 125.50000000 0.00000000 164.50000000
v 125.50000000 2.75000000 108.75000000
v 125.50000000 2.75000000 164.50000000
f 1090 1092 1089
f 1093 1090 1089
f 1089 1092 1091
f 1091 1093 1089
f 1090 1096 1092
f 1094 1090 1093
f 1094 1096 1090
f 1092 1096 1091
f 1095 1093 1091
f 1091 1096 1095
f 1095 1094 1093
f 1096 1094 1095

o wall_W50_137
usemtl material_1
v 131.25000000 0.00000000 124.75000000
v 131.25000000 0.00000000 133.50000000
v 131.25000000 2.75000000 124.75000000
v 131.25000000 2.75000000 133.50000000
v 132.25000000 0.00000000 124.75000000
v 132.25000000 0.00000000 133.50000000
v 132.25000000 2.75000000 124.75000000
v 132.25000000 2.75000000 133.50000000
f 1098 1100 1097
f 1101 1098 1097
f 1097 1100 1099
f 1099 1101 1097
f 1098 1104 1100
f 1102 1098 1101
f 1102 1104 1098
f 1100 1104 1099
f 1103 1101 1099
f 1099 1104 1103
f 1103 1102 1101
f 1104 1102 1103

o wall_W51_138
usemtl material_1
v 131.25000000 0.00000000 133.50000000
v 131.25000000 0.00000000 143.50000000
v 131.25000000 2.75000000 133.50000000
v 131.25000000 2.75000000 143.50000000
v 132.25000000 0.00000000 133.50000000
v 132.25000000 0.00000000 143.50000000
v 132.25000000 2.75000000 133.50000000
v 132.25000000 2.75000000 143.50000000
f 1106 1108 1105
f 1109 1106 1105
f 1105 1108 1107
f 1107 1109 1105
f 1106 1112 1108
f 1110 1106 1109
f 1110 1112 1106
f 1108 1112 1107
f 1111 1109 1107
f 1107 1112 1111
f 1111 1110 1109
f 1112 1110 1111

o wall_W52_139
usemtl material_1
v 131.25000000 0.00000000 143.50000000
v 131.25000000 0.00000000 153.50000000
v 131.25000000 2.75000000 143.50000000
v 131.25000000 2.75000000 153.50000000
v 132.25000000 0.00000000 143.50000000
v 132.25000000 0.00000000 153.50000000
v 132.25000000 2.75000000 143.50000000
v 132.25000000 2.75000000 153.50000000
f 1114 1116 1113
f 1117 1114 1113
f 1113 1116 1115
f 1115 1117 1113
f 1114 1120 1116
f 1118 1114 1117
f 1118 1120 1114
f 1116 1120 1115
f 1119 1117 1115
f 1115 1120 1119
f 1119 1118 1117
f 1120 1118 1119

o wall_W53_140
usemtl material_1
v 131.25000000 0.00000000 153.50000000
v 131.25000000 0.00000000 164.50000000
v 131.25000000 2.75000000 153.50000000
v 131.25000000 2.75000000 164.50000000
v 132.25000000 0.00000000 153.50000000
v 132.25000000 0.00000000 164.50000000
v 132.25000000 2.75000000 153.50000000
v 132.25000000 2.75000000 164.50000000
f 1122 1124 1121
f 1125 1122 1121
f 1121 1124 1123
f 1123 1125 1121
f 1122 1128 1124
f 1126 1122 1125
f 1126 1128 1122
f 1124 1128 1123
f 1127 1125 1123
f 1123 1128 1127
f 1127 1126 1125
f 1128 1126 1127

o wall_W54_141
usemtl material_1
v 148.00000000 2.10000000 87.25000000
v 148.00000000 2.10000000 91.25000000
v 148.00000000 2.75000000 87.25000000
v 148.00000000 2.75000000 91.25000000
v 149.00000000 2.10000000 87.25000000
v 149.00000000 2.10000000 91.25000000
v 149.00000000 2.75000000 87.25000000
v 149.00000000 2.75000000 91.25000000
f 1130 1132 1129
f 1133 1130 1129
f 1129 1132 1131
f 1131 1133 1129
f 1130 1136 1132
f 1134 1130 1133
f 1134 1136 1130
f 1132 1136 1131
f 1135 1133 1131
f 1131 1136 1135
f 1135 1134 1133
f 1136 1134 1135

o wall_W55_142
usemtl material_1
v 189.75000000 0.00000000 106.75000000
v 189.75000000 0.00000000 125.25000000
v 189.75000000 2.75000000 106.75000000
v 189.75000000 2.75000000 125.25000000
v 191.25000000 0.00000000 106.75000000
v 191.25000000 0.00000000 125.25000000
v 191.25000000 2.75000000 106.75000000
v 191.25000000 2.75000000 125.25000000
f 1138 1140 1137
f 1141 1138 1137
f 1137 1140 1139
f 1139 1141 1137
f 1138 1144 1140
f 1142 1138 1141
f 1142 1144 1138
f 1140 1144 1139
f 1143 1141 1139
f 1139 1144 1143
f 1143 1142 1141
f 1144 1142 1143

o wall_W56_143
usemtl material_1
v 189.75000000 0.00000000 125.25000000
v 189.75000000 0.00000000 134.75000000
v 189.75000000 2.75000000 125.25000000
v 189.75000000 2.75000000 134.75000000
v 191.25000000 0.00000000 125.25000000
v 191.25000000 0.00000000 134.75000000
v 191.25000000 2.75000000 125.25000000
v 191.25000000 2.75000000 134.75000000
f 1146 1148 1145
f 1149 1146 1145
f 1145 1148 1147
f 1147 1149 1145
f 1146 1152 1148
f 1150 1146 1149
f 1150 1152 1146
f 1148 1152 1147
f 1151 1149 1147
f 1147 1152 1151
f 1151 1150 1149
f 1152 1150 1151

o wall_W57_144
usemtl material_1
v 190.00000000 0.00000000 158.75000000
v 190.00000000 0.00000000 164.50000000
v 190.00000000 2.75000000 158.75000000
v 190.00000000 2.75000000 164.50000000
v 191.50000000 0.00000000 158.75000000
v 191.50000000 0.00000000 164.50000000
v 191.50000000 2.75000000 158.75000000
v 191.50000000 2.75000000 164.50000000
f 1154 1156 1153
f 1157 1154 1153
f 1153 1156 1155
f 1155 1157 1153
f 1154 1160 1156
f 1158 1154 1157
f 1158 1160 1154
f 1156 1160 1155
f 1159 1157 1155
f 1155 1160 1159
f 1159 1158 1157
f 1160 1158 1159

o wall_W58_145
usemtl material_1
v 196.75000000 0.00000000 79.50000000
v 196.75000000 0.00000000 90.75000000
v 196.75000000 2.75000000 79.50000000
v 196.75000000 2.75000000 90.75000000
v 199.25000000 0.00000000 79.50000000
v 199.25000000 0.00000000 90.75000000
v 199.25000000 2.75000000 79.50000000
v 199.25000000 2.75000000 90.75000000
f 1162 1164 1161
f 1165 1162 1161
f 1161 1164 1163
f 1163 1165 1161
f 1162 1168 1164
f 1166 1162 1165
f 1166 1168 1162
f 1164 1168 1163
f 1167 1165 1163
f 1163 1168 1167
f 1167 1166 1165
f 1168 1166 1167

o wall_W58_146
usemtl material_1
v 196.75000000 2.10000000 90.75000000
v 196.75000000 2.10000000 105.75000000
v 196.75000000 2.75000000 90.75000000
v 196.75000000 2.75000000 105.75000000
v 199.25000000 2.10000000 90.75000000
v 199.25000000 2.10000000 105.75000000
v 199.25000000 2.75000000 90.75000000
v 199.25000000 2.75000000 105.75000000
f 1170 1172 1169
f 1173 1170 1169
f 1169 1172 1171
f 1171 1173 1169
f 1170 1176 1172
f 1174 1170 1173
f 1174 1176 1170
f 1172 1176 1171
f 1175 1173 1171
f 1171 1176 1175
f 1175 1174 1173
f 1176 1174 1175

o wall_W58_147
usemtl material_1
v 196.75000000 0.00000000 105.75000000
v 196.75000000 0.00000000 132.50000000
v 196.75000000 2.75000000 105.75000000
v 196.75000000 2.75000000 132.50000000
v 199.25000000 0.00000000 105.75000000
v 199.25000000 0.00000000 132.50000000
v 199.25000000 2.75000000 105.75000000
v 199.25000000 2.75000000 132.50000000
f 1178 1180 1177
f 1181 1178 1177
f 1177 1180 1179
f 1179 1181 1177
f 1178 1184 1180
f 1182 1178 1181
f 1182 1184 1178
f 1180 1184 1179
f 1183 1181 1179
f 1179 1184 1183
f 1183 1182 1181
f 1184 1182 1183

o wall_W59_148
usemtl material_1
v 196.75000000 0.00000000 132.50000000
v 196.75000000 0.00000000 147.75000000
v 196.75000000 2.75000000 132.50000000
v 196.75000000 2.75000000 147.75000000
v 199.25000000 0.00000000 132.50000000
v 199.25000000 0.00000000 147.75000000
v 199.25000000 2.75000000 132.50000000
v 199.25000000 2.75000000 147.75000000
f 1186 1188 1185
f 1189 1186 1185
f 1185 1188 1187
f 1187 1189 1185
f 1186 1192 1188
f 1190 1186 1189
f 1190 1192 1186
f 1188 1192 1187
f 1191 1189 1187
f 1187 1192 1191
f 1191 1190 1189
f 1192 1190 1191

o wall_W60_149
usemtl material_0
v 196.75000000 0.00000000 147.75000000
v 196.75000000 0.00000000 164.50000000
v 196.75000000 2.75000000 147.75000000
v 196.75000000 2.75000000 164.50000000
v 199.25000000 0.00000000 147.75000000
v 199.25000000 0.00000000 164.50000000
v 199.25000000 2.75000000 147.75000000
v 199.25000000 2.75000000 164.50000000
f 1194 1196 1193
f 1197 1194 1193
f 1193 1196 1195
f 1195 1197 1193
f 1194 1200 1196
f 1198 1194 1197
f 1198 1200 1194
f 1196 1200 1195
f 1199 1197 1195
f 1195 1200 1199
f 1199 1198 1197
f 1200 1198 1199

o wall_W61_150
usemtl material_0
v 206.50000000 0.00000000 0.25000000
v 206.50000000 0.00000000 11.50000000
v 206.50000000 2.75000000 0.25000000
v 206.50000000 2.75000000 11.50000000
v 207.50000000 0.00000000 0.25000000
v 207.50000000 0.00000000 11.50000000
v 207.50000000 2.75000000 0.25000000
v 207.50000000 2.75000000 11.50000000
f 1202 1204 1201
f 1205 1202 1201
f 1201 1204 1203
f 1203 1205 1201
f 1202 1208 1204
f 1206 1202 1205
f 1206 1208 1202
f 1204 1208 1203
f 1207 1205 1203
f 1203 1208 1207
f 1207 1206 1205
f 1208 1206 1207

o wall_W62_151
usemtl material_1
v 222.50000000 0.00000000 11.50000000
v 222.50000000 0.00000000 78.75000000
v 222.50000000 2.75000000 11.50000000
v 222.50000000 2.75000000 78.75000000
v 225.50000000 0.00000000 11.50000000
v 225.50000000 0.00000000 78.75000000
v 225.50000000 2.75000000 11.50000000
v 225.50000000 2.75000000 78.75000000
f 1210 1212 1209
f 1213 1210 1209
f 1209 1212 1211
f 1211 1213 1209
f 1210 1216 1212
f 1214 1210 1213
f 1214 1216 1210
f 1212 1216 1211
f 1215 1213 1211
f 1211 1216 1215
f 1215 1214 1213
f 1216 1214 1215

o wall_W63_152
usemtl material_1
v 232.00000000 0.00000000 107.25000000
v 232.00000000 0.00000000 132.50000000
v 232.00000000 2.75000000 107.25000000
v 232.00000000 2.75000000 132.50000000
v 235.00000000 0.00000000 107.25000000
v 235.00000000 0.00000000 132.50000000
v 235.00000000 2.75000000 107.25000000
v 235.00000000 2.75000000 132.50000000
f 1218 1220 1217
f 1221 1218 1217
f 1217 1220 1219
f 1219 1221 1217
f 1218 1224 1220
f 1222 1218 1221
f 1222 1224 1218
f 1220 1224 1219
f 1223 1221 1219
f 1219 1224 1223
f 1223 1222 1221
f 1224 1222 1223

o wall_W64_153
usemtl material_1
v 232.00000000 0.00000000 132.50000000
v 232.00000000 0.00000000 147.75000000
v 232.00000000 2.75000000 132.50000000
v 232.00000000 2.75000000 147.75000000
v 235.00000000 0.00000000 132.50000000
v 235.00000000 0.00000000 147.75000000
v 235.00000000 2.75000000 132.50000000
v 235.00000000 2.75000000 147.75000000
f 1226 1228 1225
f 1229 1226 1225
f 1225 1228 1227
f 1227 1229 1225
f 1226 1232 1228
f 1230 1226 1229
f 1230 1232 1226
f 1228 1232 1227
f 1231 1229 1227
f 1227 1232 1231
f 1231 1230 1229
f 1232 1230 1231

o wall_W65_154
usemtl material_0
v 232.00000000 0.00000000 147.75000000
v 232.00000000 0.00000000 164.50000000
v 232.00000000 2.75000000 147.75000000
v 232.00000000 2.75000000 164.50000000
v 235.00000000 0.00000000 147.75000000
v 235.00000000 0.00000000 164.50000000
v 235.00000000 2.75000000 147.75000000
v 235.00000000 2.75000000 164.50000000
f 1234 1236 1233
f 1237 1234 1233
f 1233 1236 1235
f 1235 1237 1233
f 1234 1240 1236
f 1238 1234 1237
f 1238 1240 1234
f 1236 1240 1235
f 1239 1237 1235
f 1235 1240 1239
f 1239 1238 1237
f 1240 1238 1239

o wall_W66_155
usemtl material_1
v 236.00000000 0.00000000 73.25000000
v 236.00000000 0.00000000 78.75000000
v 236.00000000 2.75000000 73.25000000
v 236.00000000 2.75000000 78.75000000
v 236.50000000 0.00000000 73.25000000
v 236.50000000 0.00000000 78.75000000
v 236.50000000 2.75000000 73.25000000
v 236.50000000 2.75000000 78.75000000
f 1242 1244 1241
f 1245 1242 1241
f 1241 1244 1243
f 1243 1245 1241
f 1242 1248 1244
f 1246 1242 1245
f 1246 1248 1242
f 1244 1248 1243
f 1247 1245 1243
f 1243 1248 1247
f 1247 1246 1245
f 1248 1246 1247

o wall_W67_156
usemtl material_1
v 251.00000000 0.00000000 78.75000000
v 251.00000000 0.00000000 89.25000000
v 251.00000000 2.75000000 78.75000000
v 251.00000000 2.75000000 89.25000000
v 254.00000000 0.00000000 78.75000000
v 254.00000000 0.00000000 89.25000000
v 254.00000000 2.75000000 78.75000000
v 254.00000000 2.75000000 89.25000000
f 1250 1252 1249
f 1253 1250 1249
f 1249 1252 1251
f 1251 1253 1249
f 1250 1256 1252
f 1254 1250 1253
f 1254 1256 1250
f 1252 1256 1251
f 1255 1253 1251
f 1251 1256 1255
f 1255 1254 1253
f 1256 1254 1255

o wall_W67_157
usemtl material_1
v 251.00000000 2.10000000 89.25000000
v 251.00000000 2.10000000 101.25000000
v 251.00000000 2.75000000 89.25000000
v 251.00000000 2.75000000 101.25000000
v 254.00000000 2.10000000 89.25000000
v 254.00000000 2.10000000 101.25000000
v 254.00000000 2.75000000 89.25000000
v 254.00000000 2.75000000 101.25000000
f 1258 1260 1257
f 1261 1258 1257
f 1257 1260 1259
f 1259 1261 1257
f 1258 1264 1260
f 1262 1258 1261
f 1262 1264 1258
f 1260 1264 1259
f 1263 1261 1259
f 1259 1264 1263
f 1263 1262 1261
f 1264 1262 1263

o wall_W67_158
usemtl material_1
v 251.00000000 0.00000000 101.25000000
v 251.00000000 0.00000000 107.25000000
v 251.00000000 2.75000000 101.25000000
v 251.00000000 2.75000000 107.25000000
v 254.00000000 0.00000000 101.25000000
v 254.00000000 0.00000000 107.25000000
v 254.00000000 2.75000000 101.25000000
v 254.00000000 2.75000000 107.25000000
f 1266 1268 1265
f 1269 1266 1265
f 1265 1268 1267
f 1267 1269 1265
f 1266 1272 1268
f 1270 1266 1269
f 1270 1272 1266
f 1268 1272 1267
f 1271 1269 1267
f 1267 1272 1271
f 1271 1270 1269
f 1272 1270 1271

o wall_W68_159
usemtl material_1
v 269.00000000 0.00000000 97.75000000
v 269.00000000 0.00000000 107.25000000
v 269.00000000 2.75000000 97.75000000
v 269.00000000 2.75000000 107.25000000
v 270.00000000 0.00000000 97.75000000
v 270.00000000 0.00000000 107.25000000
v 270.00000000 2.75000000 97.75000000
v 270.00000000 2.75000000 107.25000000
f 1274 1276 1273
f 1277 1274 1273
f 1273 1276 1275
f 1275 1277 1273
f 1274 1280 1276
f 1278 1274 1277
f 1278 1280 1274
f 1276 1280 1275
f 1279 1277 1275
f 1275 1280 1279
f 1279 1278 1277
f 1280 1278 1279

o wall_W69_160
usemtl material_1
v 271.75000000 0.00000000 78.75000000
v 271.75000000 0.00000000 90.75000000
v 271.75000000 2.75000000 78.75000000
v 271.75000000 2.75000000 90.75000000
v 276.75000000 0.00000000 78.75000000
v 276.75000000 0.00000000 90.75000000
v 276.75000000 2.75000000 78.75000000
v 276.75000000 2.75000000 90.75000000
f 1282 1284 1281
f 1285 1282 1281
f 1281 1284 1283
f 1283 1285 1281
f 1282 1288 1284
f 1286 1282 1285
f 1286 1288 1282
f 1284 1288 1283
f 1287 1285 1283
f 1283 1288 1287
f 1287 1286 1285
f 1288 1286 1287

o wall_W70_161
usemtl material_1
v 276.00000000 0.00000000 78.75000000
v 276.00000000 0.00000000 107.25000000
v 276.00000000 2.75000000 78.75000000
v 276.00000000 2.75000000 107.25000000
v 279.00000000 0.00000000 78.75000000
v 279.00000000 0.00000000 107.25000000
v 279.00000000 2.75000000 78.75000000
v 279.00000000 2.75000000 107.25000000
f 1290 1292 1289
f 1293 1290 1289
f 1289 1292 1291
f 1291 1293 1289
f 1290 1296 1292
f 1294 1290 1293
f 1294 1296 1290
f 1292 1296 1291
f 1295 1293 1291
f 1291 1296 1295
f 1295 1294 1293
f 1296 1294 1295

o wall_W71_162
usemtl material_0
v 300.00000000 0.00000000 11.50000000
v 300.00000000 0.00000000 78.75000000
v 300.00000000 2.75000000 11.50000000
v 300.00000000 2.75000000 78.75000000
v 303.00000000 0.00000000 11.50000000
v 303.00000000 0.00000000 78.75000000
v 303.00000000 2.75000000 11.50000000
v 303.00000000 2.75000000 78.75000000
f 1298 1300 1297
f 1301 1298 1297
f 1297 1300 1299
f 1299 1301 1297
f 1298 1304 1300
f 1302 1298 1301
f 1302 1304 1298
f 1300 1304 1299
f 1303 1301 1299
f 1299 1304 1303
f 1303 1302 1301
f 1304 1302 1303

o wall_W72_163
usemtl material_0
v 300.00000000 0.00000000 78.75000000
v 300.00000000 0.00000000 107.25000000
v 300.00000000 2.75000000 78.75000000
v 300.00000000 2.75000000 107.25000000
v 303.00000000 0.00000000 78.75000000
v 303.00000000 0.00000000 107.25000000
v 303.00000000 2.75000000 78.75000000
v 303.00000000 2.75000000 107.25000000
f 1306 1308 1305
f 1309 1306 1305
f 1305 1308 1307
f 1307 1309 1305
f 1306 1312 1308
f 1310 1306 1309
f 1310 1312 1306
f 1308 1312 1307
f 1311 1309 1307
f 1307 1312 1311
f 1311 1310 1309
f 1312 1310 1311

o wall_W73_164
usemtl material_0
v 300.00000000 0.00000000 107.25000000
v 300.00000000 0.00000000 164.50000000
v 300.00000000 2.75000000 107.25000000
v 300.00000000 2.75000000 164.50000000
v 303.00000000 0.00000000 107.25000000
v 303.00000000 0.00000000 164.50000000
v 303.00000000 2.75000000 107.25000000
v 303.00000000 2.75000000 164.50000000
f 1314 1316 1313
f 1317 1314 1313
f 1313 1316 1315
f 1315 1317 1313
f 1314 1320 1316
f 1318 1314 1317
f 1318 1320 1314
f 1316 1320 1315
f 1319 1317 1315
f 1315 1320 1319
f 1319 1318 1317
f 1320 1318 1319

o window_N1_165
usemtl material_2
v 56.50000000 0.90000000 11.49000000
v 56.50000000 0.90000000 11.51000000
v 56.50000000 2.10000000 11.49000000
v 56.50000000 2.10000000 11.51000000
v 69.00000000 0.90000000 11.49000000
v 69.00000000 0.90000000 11.51000000
v 69.00000000 2.10000000 11.49000000
v 69.00000000 2.10000000 11.51000000
f 1322 1324 1321
f 1325 1322 1321
f 1321 1324 1323
f 1323 1325 1321
f 1322 1328 1324
f 1326 1322 1325
f 1326 1328 1322
f 1324 1328 1323
f 1327 1325 1323
f 1323 1328 1327
f 1327 1326 1325
f 1328 1326 1327

o window_N2_166
usemtl material_2
v 84.00000000 0.90000000 11.49000000
v 84.00000000 0.90000000 11.51000000
v 84.00000000 2.10000000 11.49000000
v 84.00000000 2.10000000 11.51000000
v 90.00000000 0.90000000 11.49000000
v 90.00000000 0.90000000 11.51000000
v 90.00000000 2.10000000 11.49000000
v 90.00000000 2.10000000 11.51000000
f 1330 1332 1329
f 1333 1330 1329
f 1329 1332 1331
f 1331 1333 1329
f 1330 1336 1332
f 1334 1330 1333
f 1334 1336 1330
f 1332 1336 1331
f 1335 1333 1331
f 1331 1336 1335
f 1335 1334 1333
f 1336 1334 1335

o window_N3_167
usemtl material_2
v 90.50000000 0.90000000 11.49000000
v 90.50000000 0.90000000 11.51000000
v 90.50000000 2.10000000 11.49000000
v 90.50000000 2.10000000 11.51000000
v 109.50000000 0.90000000 11.49000000
v 109.50000000 0.90000000 11.51000000
v 109.50000000 2.10000000 11.49000000
v 109.50000000 2.10000000 11.51000000
f 1338 1340 1337
f 1341 1338 1337
f 1337 1340 1339
f 1339 1341 1337
f 1338 1344 1340
f 1342 1338 1341
f 1342 1344 1338
f 1340 1344 1339
f 1343 1341 1339
f 1339 1344 1343
f 1343 1342 1341
f 1344 1342 1343

o window_N4_168
usemtl material_2
v 135.00000000 0.90000000 11.49000000
v 135.00000000 0.90000000 11.51000000
v 135.00000000 2.10000000 11.49000000
v 135.00000000 2.10000000 11.51000000
v 159.50000000 0.90000000 11.49000000
v 159.50000000 0.90000000 11.51000000
v 159.50000000 2.10000000 11.49000000
v 159.50000000 2.10000000 11.51000000
f 1346 1348 1345
f 1349 1346 1345
f 1345 1348 1347
f 1347 1349 1345
f 1346 1352 1348
f 1350 1346 1349
f 1350 1352 1346
f 1348 1352 1347
f 1351 1349 1347
f 1347 1352 1351
f 1351 1350 1349
f 1352 1350 1351

o window_N5_169
usemtl material_2
v 163.00000000 0.90000000 11.49000000
v 163.00000000 0.90000000 11.51000000
v 163.00000000 2.10000000 11.49000000
v 163.00000000 2.10000000 11.51000000
v 187.50000000 0.90000000 11.49000000
v 187.50000000 0.90000000 11.51000000
v 187.50000000 2.10000000 11.49000000
v 187.50000000 2.10000000 11.51000000
f 1354 1356 1353
f 1357 1354 1353
f 1353 1356 1355
f 1355 1357 1353
f 1354 1360 1356
f 1358 1354 1357
f 1358 1360 1354
f 1356 1360 1355
f 1359 1357 1355
f 1355 1360 1359
f 1359 1358 1357
f 1360 1358 1359

o window_N6_170
usemtl material_2
v 252.00000000 0.90000000 11.49000000
v 252.00000000 0.90000000 11.51000000
v 252.00000000 2.10000000 11.49000000
v 252.00000000 2.10000000 11.51000000
v 262.50000000 0.90000000 11.49000000
v 262.50000000 0.90000000 11.51000000
v 262.50000000 2.10000000 11.49000000
v 262.50000000 2.10000000 11.51000000
f 1362 1364 1361
f 1365 1362 1361
f 1361 1364 1363
f 1363 1365 1361
f 1362 1368 1364
f 1366 1362 1365
f 1366 1368 1362
f 1364 1368 1363
f 1367 1365 1363
f 1363 1368 1367
f 1367 1366 1365
f 1368 1366 1367

o window_N7_171
usemtl material_2
v 264.50000000 0.90000000 11.49000000
v 264.50000000 0.90000000 11.51000000
v 264.50000000 2.10000000 11.49000000
v 264.50000000 2.10000000 11.51000000
v 283.00000000 0.90000000 11.49000000
v 283.00000000 0.90000000 11.51000000
v 283.00000000 2.10000000 11.49000000
v 283.00000000 2.10000000 11.51000000
f 1370 1372 1369
f 1373 1370 1369
f 1369 1372 1371
f 1371 1373 1369
f 1370 1376 1372
f 1374 1370 1373
f 1374 1376 1370
f 1372 1376 1371
f 1375 1373 1371
f 1371 1376 1375
f 1375 1374 1373
f 1376 1374 1375

o window_N8_172
usemtl material_2
v 75.99000000 0.90000000 25.75000000
v 75.99000000 0.90000000 37.75000000
v 75.99000000 2.10000000 25.75000000
v 75.99000000 2.10000000 37.75000000
v 76.01000000 0.90000000 25.75000000
v 76.01000000 0.90000000 37.75000000
v 76.01000000 2.10000000 25.75000000
v 76.01000000 2.10000000 37.75000000
f 1378 1380 1377
f 1381 1378 1377
f 1377 1380 1379
f 1379 1381 1377
f 1378 1384 1380
f 1382 1378 1381
f 1382 1384 1378
f 1380 1384 1379
f 1383 1381 1379
f 1379 1384 1383
f 1383 1382 1381
f 1384 1382 1383

o window_N9_173
usemtl material_2
v 19.74000000 0.90000000 72.75000000
v 19.74000000 0.90000000 89.25000000
v 19.74000000 2.10000000 72.75000000
v 19.74000000 2.10000000 89.25000000
v 19.76000000 0.90000000 72.75000000
v 19.76000000 0.90000000 89.25000000
v 19.76000000 2.10000000 72.75000000
v 19.76000000 2.10000000 89.25000000
f 1386 1388 1385
f 1389 1386 1385
f 1385 1388 1387
f 1387 1389 1385
f 1386 1392 1388
f 1390 1386 1389
f 1390 1392 1386
f 1388 1392 1387
f 1391 1389 1387
f 1387 1392 1391
f 1391 1390 1389
f 1392 1390 1391

o window_N10_174
usemtl material_2
v 237.50000000 0.90000000 78.74000000
v 237.50000000 0.90000000 78.76000000
v 237.50000000 2.10000000 78.74000000
v 237.50000000 2.10000000 78.76000000
v 245.00000000 0.90000000 78.74000000
v 245.00000000 0.90000000 78.76000000
v 245.00000000 2.10000000 78.74000000
v 245.00000000 2.10000000 78.76000000
f 1394 1396 1393
f 1397 1394 1393
f 1393 1396 1395
f 1395 1397 1393
f 1394 1400 1396
f 1398 1394 1397
f 1398 1400 1394
f 1396 1400 1395
f 1399 1397 1395
f 1395 1400 1399
f 1399 1398 1397
f 1400 1398 1399

o window_N11_175
usemtl material_2
v 66.00000000 0.90000000 107.24000000
v 66.00000000 0.90000000 107.26000000
v 66.00000000 2.10000000 107.24000000
v 66.00000000 2.10000000 107.26000000
v 74.50000000 0.90000000 107.24000000
v 74.50000000 0.90000000 107.26000000
v 74.50000000 2.10000000 107.24000000
v 74.50000000 2.10000000 107.26000000
f 1402 1404 1401
f 1405 1402 1401
f 1401 1404 1403
f 1403 1405 1401
f 1402 1408 1404
f 1406 1402 1405
f 1406 1408 1402
f 1404 1408 1403
f 1407 1405 1403
f 1403 1408 1407
f 1407 1406 1405
f 1408 1406 1407

o window_N12_176
usemtl material_2
v 21.50000000 0.90000000 105.99000000
v 21.50000000 0.90000000 106.01000000
v 21.50000000 2.10000000 105.99000000
v 21.50000000 2.10000000 106.01000000
v 31.00000000 0.90000000 105.99000000
v 31.00000000 0.90000000 106.01000000
v 31.00000000 2.10000000 105.99000000
v 31.00000000 2.10000000 106.01000000
f 1410 1412 1409
f 1413 1410 1409
f 1409 1412 1411
f 1411 1413 1409
f 1410 1416 1412
f 1414 1410 1413
f 1414 1416 1410
f 1412 1416 1411
f 1415 1413 1411
f 1411 1416 1415
f 1415 1414 1413
f 1416 1414 1415

o window_N13_177
usemtl material_2
v 51.00000000 0.90000000 107.24000000
v 51.00000000 0.90000000 107.26000000
v 51.00000000 2.10000000 107.24000000
v 51.00000000 2.10000000 107.26000000
v 57.50000000 0.90000000 107.24000000
v 57.50000000 0.90000000 107.26000000
v 57.50000000 2.10000000 107.24000000
v 57.50000000 2.10000000 107.26000000
f 1418 1420 1417
f 1421 1418 1417
f 1417 1420 1419
f 1419 1421 1417
f 1418 1424 1420
f 1422 1418 1421
f 1422 1424 1418
f 1420 1424 1419
f 1423 1421 1419
f 1419 1424 1423
f 1423 1422 1421
f 1424 1422 1423

o window_N14_178
usemtl material_2
v 186.50000000 0.90000000 106.74000000
v 186.50000000 0.90000000 106.76000000
v 186.50000000 2.10000000 106.74000000
v 186.50000000 2.10000000 106.76000000
v 190.50000000 0.90000000 106.74000000
v 190.50000000 0.90000000 106.76000000
v 190.50000000 2.10000000 106.74000000
v 190.50000000 2.10000000 106.76000000
f 1426 1428 1425
f 1429 1426 1425
f 1425 1428 1427
f 1427 1429 1425
f 1426 1432 1428
f 1430 1426 1429
f 1430 1432 1426
f 1428 1432 1427
f 1431 1429 1427
f 1427 1432 1431
f 1431 1430 1429
f 1432 1430 1431

o window_N15_179
usemtl material_2
v 25.00000000 0.90000000 107.24000000
v 25.00000000 0.90000000 107.26000000
v 25.00000000 2.10000000 107.24000000
v 25.00000000 2.10000000 107.26000000
v 34.50000000 0.90000000 107.24000000
v 34.50000000 0.90000000 107.26000000
v 34.50000000 2.10000000 107.24000000
v 34.50000000 2.10000000 107.26000000
f 1434 1436 1433
f 1437 1434 1433
f 1433 1436 1435
f 1435 1437 1433
f 1434 1440 1436
f 1438 1434 1437
f 1438 1440 1434
f 1436 1440 1435
f 1439 1437 1435
f 1435 1440 1439
f 1439 1438 1437
f 1440 1438 1439

o window_N16_180
usemtl material_2
v 75.00000000 0.90000000 164.49000000
v 75.00000000 0.90000000 164.51000000
v 75.00000000 2.10000000 164.49000000
v 75.00000000 2.10000000 164.51000000
v 96.00000000 0.90000000 164.49000000
v 96.00000000 0.90000000 164.51000000
v 96.00000000 2.10000000 164.49000000
v 96.00000000 2.10000000 164.51000000
f 1442 1444 1441
f 1445 1442 1441
f 1441 1444 1443
f 1443 1445 1441
f 1442 1448 1444
f 1446 1442 1445
f 1446 1448 1442
f 1444 1448 1443
f 1447 1445 1443
f 1443 1448 1447
f 1447 1446 1445
f 1448 1446 1447

o window_N17_181
usemtl material_2
v 97.00000000 0.90000000 164.49000000
v 97.00000000 0.90000000 164.51000000
v 97.00000000 2.10000000 164.49000000
v 97.00000000 2.10000000 164.51000000
v 107.00000000 0.90000000 164.49000000
v 107.00000000 0.90000000 164.51000000
v 107.00000000 2.10000000 164.49000000
v 107.00000000 2.10000000 164.51000000
f 1450 1452 1449
f 1453 1450 1449
f 1449 1452 1451
f 1451 1453 1449
f 1450 1456 1452
f 1454 1450 1453
f 1454 1456 1450
f 1452 1456 1451
f 1455 1453 1451
f 1451 1456 1455
f 1455 1454 1453
f 1456 1454 1455

o window_N18_182
usemtl material_2
v 143.00000000 0.90000000 164.49000000
v 143.00000000 0.90000000 164.51000000
v 143.00000000 2.10000000 164.49000000
v 143.00000000 2.10000000 164.51000000
v 153.00000000 0.90000000 164.49000000
v 153.00000000 0.90000000 164.51000000
v 153.00000000 2.10000000 164.49000000
v 153.00000000 2.10000000 164.51000000
f 1458 1460 1457
f 1461 1458 1457
f 1457 1460 1459
f 1459 1461 1457
f 1458 1464 1460
f 1462 1458 1461
f 1462 1464 1458
f 1460 1464 1459
f 1463 1461 1459
f 1459 1464 1463
f 1463 1462 1461
f 1464 1462 1463

o window_N19_183
usemtl material_2
v 154.00000000 0.90000000 164.49000000
v 154.00000000 0.90000000 164.51000000
v 154.00000000 2.10000000 164.49000000
v 154.00000000 2.10000000 164.51000000
v 178.50000000 0.90000000 164.49000000
v 178.50000000 0.90000000 164.51000000
v 178.50000000 2.10000000 164.49000000
v 178.50000000 2.10000000 164.51000000
f 1466 1468 1465
f 1469 1466 1465
f 1465 1468 1467
f 1467 1469 1465
f 1466 1472 1468
f 1470 1466 1469
f 1470 1472 1466
f 1468 1472 1467
f 1471 1469 1467
f 1467 1472 1471
f 1471 1470 1469
f 1472 1470 1471

o window_N20_184
usemtl material_2
v 251.00000000 0.90000000 164.49000000
v 251.00000000 0.90000000 164.51000000
v 251.00000000 2.10000000 164.49000000
v 251.00000000 2.10000000 164.51000000
v 261.00000000 0.90000000 164.49000000
v 261.00000000 0.90000000 164.51000000
v 261.00000000 2.10000000 164.49000000
v 261.00000000 2.10000000 164.51000000
f 1474 1476 1473
f 1477 1474 1473
f 1473 1476 1475
f 1475 1477 1473
f 1474 1480 1476
f 1478 1474 1477
f 1478 1480 1474
f 1476 1480 1475
f 1479 1477 1475
f 1475 1480 1479
f 1479 1478 1477
f 1480 1478 1479

o window_N21_185
usemtl material_2
v 262.50000000 0.90000000 164.49000000
v 262.50000000 0.90000000 164.51000000
v 262.50000000 2.10000000 164.49000000
v 262.50000000 2.10000000 164.51000000
v 283.50000000 0.90000000 164.49000000
v 283.50000000 0.90000000 164.51000000
v 283.50000000 2.10000000 164.49000000
v 283.50000000 2.10000000 164.51000000
f 1482 1484 1481
f 1485 1482 1481
f 1481 1484 1483
f 1483 1485 1481
f 1482 1488 1484
f 1486 1482 1485
f 1486 1488 1482
f 1484 1488 1483
f 1487 1485 1483
f 1483 1488 1487
f 1487 1486 1485
f 1488 1486 1487

o railing_R1_186
usemtl material_3
v 232.00000000 0.00000000 149.27500000
v 232.00000000 0.00000000 149.22500000
v 232.00000000 1.00000000 149.27500000
v 232.00000000 1.00000000 149.22500000
v 199.50000000 0.00000000 149.27500000
v 199.50000000 0.00000000 149.22500000
v 199.50000000 1.00000000 149.27500000
v 199.50000000 1.00000000 149.22500000
f 1490 1492 1489
f 1493 1490 1489
f 1489 1492 1491
f 1491 1493 1489
f 1490 1496 1492
f 1494 1490 1493
f 1494 1496 1490
f 1492 1496 1491
f 1495 1493 1491
f 1491 1496 1495
f 1495 1494 1493
f 1496 1494 1495

o railing_R1_187
usemtl material_3
v 199.52500000 0.00000000 149.25000000
v 199.47500000 0.00000000 149.25000000
v 199.52500000 1.00000000 149.25000000
v 199.47500000 1.00000000 149.25000000
v 199.52500000 0.00000000 163.06200000
v 199.47500000 0.00000000 163.06200000
v 199.52500000 1.00000000 163.06200000
v 199.47500000 1.00000000 163.06200000
f 1498 1500 1497
f 1501 1498 1497
f 1497 1500 1499
f 1499 1501 1497
f 1498 1504 1500
f 1502 1498 1501
f 1502 1504 1498
f 1500 1504 1499
f 1503 1501 1499
f 1499 1504 1503
f 1503 1502 1501
f 1504 1502 1503

o railing_R1_188
usemtl material_3
v 199.50003810 0.00000000 163.03700003
v 199.49996190 0.00000000 163.08699997
v 199.50003810 1.00000000 163.03700003
v 199.49996190 1.00000000 163.08699997
v 220.50003810 0.00000000 163.06900003
v 220.49996190 0.00000000 163.11899997
v 220.50003810 1.00000000 163.06900003
v 220.49996190 1.00000000 163.11899997
f 1506 1508 1505
f 1509 1506 1505
f 1505 1508 1507
f 1507 1509 1505
f 1506 1512 1508
f 1510 1506 1509
f 1510 1512 1506
f 1508 1512 1507
f 1511 1509 1507
f 1507 1512 1511
f 1511 1510 1509
f 1512 1510 1511

o railing_R1_189
usemtl material_3
v 220.50000000 0.00000000 163.06900000
v 220.50000000 0.00000000 163.11900000
v 220.50000000 1.00000000 163.06900000
v 220.50000000 1.00000000 163.11900000
v 232.00000000 0.00000000 163.06900000
v 232.00000000 0.00000000 163.11900000
v 232.00000000 1.00000000 163.06900000
v 232.00000000 1.00000000 163.11900000
f 1514 1516 1513
f 1517 1514 1513
f 1513 1516 1515
f 1515 1517 1513
f 1514 1520 1516
f 1518 1514 1517
f 1518 1520 1514
f 1516 1520 1515
f 1519 1517 1515
f 1515 1520 1519
f 1519 1518 1517
f 1520 1518 1519

o railing_R11_190
usemtl material_3
v 232.00000000 0.00000000 134.27500000
v 232.00000000 0.00000000 134.22500000
v 232.00000000 1.00000000 134.27500000
v 232.00000000 1.00000000 134.22500000
v 199.50000000 0.00000000 134.27500000
v 199.50000000 0.00000000 134.22500000
v 199.50000000 1.00000000 134.27500000
v 199.50000000 1.00000000 134.22500000
f 1522 1524 1521
f 1525 1522 1521
f 1521 1524 1523
f 1523 1525 1521
f 1522 1528 1524
f 1526 1522 1525
f 1526 1528 1522
f 1524 1528 1523
f 1527 1525 1523
f 1523 1528 1527
f 1527 1526 1525
f 1528 1526 1527

o railing_R11_191
usemtl material_3
v 199.52500000 0.00000000 134.25000000
v 199.47500000 0.00000000 134.25000000
v 199.52500000 1.00000000 134.25000000
v 199.47500000 1.00000000 134.25000000
v 199.52500000 0.00000000 146.25000000
v 199.47500000 0.00000000 146.25000000
v 199.52500000 1.00000000 146.25000000
v 199.47500000 1.00000000 146.25000000
f 1530 1532 1529
f 1533 1530 1529
f 1529 1532 1531
f 1531 1533 1529
f 1530 1536 1532
f 1534 1530 1533
f 1534 1536 1530
f 1532 1536 1531
f 1535 1533 1531
f 1531 1536 1535
f 1535 1534 1533
f 1536 1534 1535

o railing_R11_192
usemtl material_3
v 199.50000000 0.00000000 146.22500000
v 199.50000000 0.00000000 146.27500000
v 199.50000000 1.00000000 146.22500000
v 199.50000000 1.00000000 146.27500000
v 232.00000000 0.00000000 146.22500000
v 232.00000000 0.00000000 146.27500000
v 232.00000000 1.00000000 146.22500000
v 232.00000000 1.00000000 146.27500000
f 1538 1540 1537
f 1541 1538 1537
f 1537 1540 1539
f 1539 1541 1537
f 1538 1544 1540
f 1542 1538 1541
f 1542 1544 1538
f 1540 1544 1539
f 1543 1541 1539
f 1539 1544 1543
f 1543 1542 1541
f 1544 1542 1543

o floor_R1_balcony_193
usemtl material_4
v 199.50000000 0.00000000 163.06200000
v 199.50000000 0.00000000 149.25000000
v 220.50000000 0.00000000 163.09400000
v 232.00000000 0.00000000 149.25000000
v 232.00000000 0.00000000 163.09400000
f 1545 1547 1546
f 1547 1548 1546
f 1547 1549 1548

o floor_R2_bathroom_194
usemtl material_5
v 21.50000000 0.00000000 49.25000000
v 21.50000000 0.00000000 13.25000000
v 41.00000000 0.00000000 13.25000000
v 41.00000000 0.00000000 49.25000000
f 1550 1552 1551
f 1550 1553 1552

o floor_R3_living_195
usemtl material_6
v 21.50000000 0.00000000 105.50000000
v 21.50000000 0.00000000 52.50000000
v 44.50000000 0.00000000 49.25000000
v 74.00000000 0.00000000 105.50000000
v 78.00000000 0.00000000 61.75000000
v 114.00000000 0.00000000 61.75000000
v 78.00000000 0.00000000 52.75000000
v 77.75000000 0.00000000 39.50000000
v 114.00000000 0.00000000 13.25000000
v 77.75000000 0.00000000 13.25000000
v 74.00000000 0.00000000 13.25000000
v 74.00000000 0.00000000 39.50000000
v 44.50000000 0.00000000 13.25000000
v 69.00000000 0.00000000 49.25000000
v 69.00000000 0.00000000 52.50000000
v 74.00000000 0.00000000 52.75000000
f 1554 1556 1555
f 1554 1557 1556
f 1557 1558 1556
f 1559 1560 1558
f 1559 1561 1560
f 1559 1562 1561
f 1562 1563 1561
f 1564 1566 1565
f 1566 1556 1565
f 1556 1567 1565
f 1556 1558 1568
f 1558 1569 1568
f 1560 1561 1569
f 1561 1565 1569
f 1565 1567 1569
f 1567 1568 1569

o floor_R4_living_196
usemtl material_6
v 118.00000000 0.00000000 77.25000000
v 118.00000000 0.00000000 13.25000000
v 198.00000000 0.00000000 77.25000000
v 199.50000000 0.00000000 130.75000000
v 199.50000000 0.00000000 79.25000000
v 226.00000000 0.00000000 106.75000000
v 226.50000000 0.00000000 108.75000000
v 232.00000000 0.00000000 130.75000000
v 232.00000000 0.00000000 108.75000000
v 251.00000000 0.00000000 106.75000000
v 251.00000000 0.00000000 80.50000000
v 222.00000000 0.00000000 13.25000000
v 222.00000000 0.00000000 78.75000000
v 224.50000000 0.00000000 80.50000000
f 1570 1572 1571
f 1573 1575 1574
f 1573 1576 1575
f 1573 1577 1576
f 1577 1578 1576
f 1579 1580 1578
f 1581 1572 1582
f 1581 1571 1572
f 1572 1574 1582
f 1574 1575 1582
f 1575 1583 1582
f 1575 1578 1583
f 1578 1580 1583

o floor_R5_living_197
usemtl material_6
v 225.50000000 0.00000000 77.25000000
v 225.50000000 0.00000000 13.25000000
v 236.03100000 0.00000000 73.25000000
v 235.93800000 0.00000000 77.25000000
v 236.03100000 0.00000000 77.25000000
v 300.00000000 0.00000000 77.25000000
v 300.00000000 0.00000000 13.25000000
f 1584 1586 1585
f 1584 1587 1586
f 1588 1589 1586
f 1589 1590 1586
f 1590 1585 1586

o floor_R6_living_198
usemtl material_6
v 125.50000000 0.00000000 162.75000000
v 132.50000000 0.00000000 143.00000000
v 132.50000000 0.00000000 144.75000000
v 132.50000000 0.00000000 153.00000000
v 132.50000000 0.00000000 154.75000000
v 130.75000000 0.00000000 162.75000000
v 132.50000000 0.00000000 162.75000000
v 136.50000000 0.00000000 154.75000000
v 190.25000000 0.00000000 162.75000000
v 137.00000000 0.00000000 153.00000000
v 190.25000000 0.00000000 158.75000000
v 192.00000000 0.00000000 162.75000000
v 192.00000000 0.00000000 159.25000000
v 196.50000000 0.00000000 162.75000000
v 196.50000000 0.00000000 81.25000000
v 137.00000000 0.00000000 133.00000000
v 132.50000000 0.00000000 124.75000000
v 125.50000000 0.00000000 108.75000000
v 116.00000000 0.00000000 81.25000000
v 113.50000000 0.00000000 65.25000000
v 113.50000000 0.00000000 79.25000000
v 77.50000000 0.00000000 65.25000000
v 77.50000000 0.00000000 105.25000000
v 120.00000000 0.00000000 105.25000000
v 122.18800000 0.00000000 113.25000000
v 132.50000000 0.00000000 134.75000000
v 136.50000000 0.00000000 134.75000000
v 137.00000000 0.00000000 143.00000000
v 136.50000000 0.00000000 144.75000000
v 132.50000000 0.00000000 133.00000000
v 130.75000000 0.00000000 124.25000000
v 122.18800000 0.00000000 108.75000000
v 122.12500000 0.00000000 106.75000000
f 1591 1593 1592
f 1591 1594 1593
f 1591 1595 1594
f 1591 1596 1595
f 1597 1598 1595
f 1597 1599 1598
f 1599 1600 1598
f 1599 1601 1600
f 1602 1604 1603
f 1604 1605 1603
f 1605 1601 1603
f 1605 1606 1601
f 1605 1607 1606
f 1605 1608 1607
f 1605 1609 1608
f 1610 1612 1611
f 1612 1613 1611
f 1613 1614 1611
f 1592 1616 1615
f 1592 1617 1616
f 1592 1618 1617
f 1593 1594 1619
f 1594 1600 1619
f 1600 1618 1619
f 1600 1601 1618
f 1601 1606 1618
f 1606 1617 1618
f 1606 1607 1620
f 1607 1608 1621
f 1608 1615 1621
f 1608 1623 1622
f 1608 1609 1623
f 1609 1614 1623
f 1609 1611 1614
f 1615 1620 1621
f 1615 1616 1620

o floor_R7_bathroom_199
usemtl material_5
v 254.50000000 0.00000000 106.25000000
v 254.50000000 0.00000000 80.25000000
v 269.25000000 0.00000000 97.75000000
v 269.25000000 0.00000000 106.25000000
v 271.00000000 0.00000000 106.25000000
v 271.00000000 0.00000000 98.25000000
v 276.00000000 0.00000000 106.25000000
v 276.00000000 0.00000000 90.50000000
v 271.50000000 0.00000000 80.25000000
v 271.50000000 0.00000000 90.50000000
f 1624 1626 1625
f 1624 1627 1626
f 1628 1630 1629
f 1630 1631 1629
f 1632 1625 1633
f 1625 1626 1633
f 1626 1629 1633
f 1629 1631 1633

o floor_R8_bathroom_200
usemtl material_5
v 279.50000000 0.00000000 106.25000000
v 279.50000000 0.00000000 80.25000000
v 300.00000000 0.00000000 80.25000000
v 300.00000000 0.00000000 106.25000000
f 1634 1636 1635
f 1634 1637 1636

o floor_R9_living_201
usemtl material_6
v 235.50000000 0.00000000 162.75000000
v 235.50000000 0.00000000 108.75000000
v 300.00000000 0.00000000 108.75000000
v 300.00000000 0.00000000 162.75000000
f 1638 1640 1639
f 1638 1641 1640

o floor_R10_living_202
usemtl material_6
v 21.50000000 0.00000000 162.75000000
v 21.50000000 0.00000000 108.75000000
v 118.50000000 0.00000000 124.00000000
v 123.00000000 0.00000000 162.75000000
v 123.00000000 0.00000000 124.00000000
v 118.50000000 0.00000000 108.75000000
f 1642 1644 1643
f 1642 1645 1644
f 1645 1646 1644
f 1647 1643 1644

o floor_R11_balcony_203
usemtl material_4
v 199.50000000 0.00000000 146.25000000
v 199.50000000 0.00000000 134.25000000
v 232.00000000 0.00000000 134.25000000
v 232.00000000 0.00000000 146.25000000
f 1648 1650 1649
f 1648 1651 1650

